ShortName;ISIN;ValorSymbol;ValorNumber;ClosingPrice;DailyHighPrice;DailyLowPrice;LastDate;PreviousClosingPrice;OpeningPrice;OnMarketVolume;TotalVolume;TradingBaseCurrency;YearlyHighDate;YearlyHighPrice;YearlyLowDate;YearlyLowPrice;FirstTradingDate;LastTradingDate;Exchange;SecTypeCode;GeographicalAreaCode;Tminus1Volume
0 HYPONOE 17-20;CH0367013973;NOL172;36701397;100.45;;;20181206;100.45;;0;0;CHF;20181203;100.65;20180323;100;20170628;20201228;XSWX;BO;AT;0
0 LANDOE 17-19;CH0370943604;NOE171;37094360;100.37;;;20190103;100.37;;0;0;CHF;20180914;100.46;20181218;100.32;20170811;20190626;XSWX;BO;AT;0
0 WELTBK 86-21;CH0008805449;WEL86B;880544;101.75;;;20181218;101.75;;0;0;CHF;20180531;101.95;20180515;101.2;19960816;20211124;XSWX;BO;US;0
0.01 BAWAG PSK 16-21;CH0338330498;BAW16;33833049;99.9;;;20190110;99.9;;0;0;CHF;20181101;100.5;20180130;99.45;20161024;20210913;XSWX;BO;AT;0
0.04 LANDOE 16-26;CH0336352817;NOE162;33635281;99.6;;;20190109;99.5;;0;0;CHF;20190109;99.4;20181009;97.1;20161020;20261021;XSWX;BO;AT;0
0.05 BAOMO 18-22;CH0426621717;BOM18;42662171;100.35;;;20181206;100.35;;0;0;CHF;20180820;100.4;20181005;99.65;20180802;20221228;XSWX;BO;CA;1800000
0.05 MONDELE 17-20;CH0360172685;MON17;36017268;100.1;;;20181221;100.1;;0;0;CHF;20180409;100.45;20180212;100;20170329;20200327;XSWX;BO;US;0
0.10 CAHL 16-26;CH0310175598;CAB16;31017559;100.25;;;20181220;100.25;;0;0;CHF;20180904;100;20180216;97.65;20160125;20260122;XSWX;BO;FR;0
0.10 CIBC 18-25;CH0413618346;CIB18;41361834;101.35;;;20181228;101.35;;0;0;CHF;20181228;101.5;20180523;99.4;20180426;20250428;XSWX;BO;CA;0
0.10 DEUT BAHN 15-25;CH0303138520;DBF15;30313852;100.3;100.3;100.25;20190111;100;100.25;55000;55000;CHF;20180904;100.75;20180215;98.35;20151127;20251127;XSWX;BO;DE;0
0.10 MHB 18-24 /Z;CH0438965532;MUN182;43896553;101.6;;;20181220;101.6;;0;0;CHF;20181211;101.2;20181105;100.25;20181029;20241029;XSWX;BO;DE;0
0.10 RY 18-23;CH0423563532;RY18;42356353;100.7;;;20181219;100.7;;0;0;CHF;20181219;100.6;20181016;99.85;20180716;20230714;XSWX;BO;CA;0
0.125 CIBC 15-25;CH0305398254;CIB15;30539825;101.25;101.25;101.25;20190111;101.1;101.25;150000;150000;CHF;20190107;101.6;20180215;98.45;20151218;20251218;XSWX;BO;CA;0
0.125 DNB 18-23 /Z;CH0446595636;DNB18;44659563;100;;;20190108;100;;0;0;CHF;20181129;100.3;20181207;99.8;20181128;20231128;XSWX;BO;NO;0
0.125 HYPONOE 16-23;CH0340677779;NOL16;34067777;99.6;;;20190109;99.5;;0;0;CHF;20180502;100.15;20181010;98.2;20161013;20231013;XSWX;BO;AT;0
0.125 VLB 16-21;CH0338330449;VLH16;33833044;100.25;;;20181116;100.25;;0;0;CHF;20180528;100.6;20181116;99.8;20161004;20211004;XSWX;BO;AT;0
0.125 WSTPO 17-22;CH0373314894;WPL17;37331489;100.3;;;20190103;100.3;;0;0;CHF;20180606;100.8;20181015;99.5;20170731;20221213;XSWX;BO;GB;0
0.15 CAF 16-22;CH0310451833;CAF16;31045183;100.85;100.85;100.85;20190111;100.5;100.85;150000;150000;CHF;20180116;101.15;20180907;100.15;20160222;20220222;XSWX;BO;US;0
0.15 CIBC 18-23;CH0426621709;CIB181;42662170;100.95;;;20181219;100.95;;0;0;CHF;20181219;100.8;20181009;99.95;20180727;20230727;XSWX;BO;CA;0
0.15 KOWATE 18-23 /Z;CH0429659623;KWR18;42965962;100.9;;;20190109;100.85;;0;0;CHF;20190109;100.85;20180925;99.6;20180918;20230918;XSWX;BO;KE;0
0.15 LILLY 16-24;CH0323735594;LLY161;32373559;100.5;100.8;100.5;20190111;100.6;100.8;410000;410000;CHF;20190103;101.05;20180607;99;20160523;20240522;XSWX;BO;US;0
0.17 KOREA EXP 17-25;CH0370634633;EXK17;37063463;99.45;;;20190110;99.45;;0;0;CHF;20190110;99.45;20180130;96.6;20170714;20250716;XSWX;BO;KR;1000000
0.17 MC DON 16-24;CH0338330456;MCD16;33833045;98.75;;;20181220;98.75;;0;0;CHF;20180122;100.4;20181123;97;20161004;20241002;XSWX;BO;US;0
0.194 CABEI 15-21;CH0276581110;CBE15;27658111;100.4;100.45;100.4;20190111;100.85;100.45;60000;60000;CHF;20180119;101.25;20180731;99.95;20150515;20211117;XSWX;BO;US;0
0.20 ASB 17-24;CH0350030414;ASB17;35003041;99.4;;;20190108;99.4;;0;0;CHF;20190104;99.65;20181113;98.3;20170131;20240730;XSWX;BO;GB;0
0.20 CAL 18-23;CH0398677697;CAS18;39867769;99.6;;;20190109;99.6;;0;0;CHF;20180208;99.95;20181011;98.5;20180126;20231026;XSWX;BO;GB;0
0.20 HILTI 17-24;CH0384125115;HIL17;38412511;100.75;100.75;100.35;20190111;100.7;100.35;305000;305000;CHF;20190111;100.75;20180426;98.9;20171106;20241106;XSWX;BO;LI;500000
0.20 HYPONOE 17-22;CH0347556935;NOL17;34755693;100.55;;;20190109;100.55;;0;0;CHF;20180207;100.85;20181207;99.85;20170213;20220329;XSWX;BO;AT;0
0.20 LANDOE 15-20;CH0288977520;NOE15;28897752;101.35;;;20181112;101.35;;0;0;CHF;20180716;101.75;20181102;101.2;20150805;20200805;XSWX;BO;AT;0
0.20 LGT 16-26;CH0338330431;LGT16;33833043;98.55;98.55;98.5;20190111;98.3;98.5;180000;180000;CHF;20180126;99.65;20180723;96.05;20161010;20261009;XSWX;BO;LI;0
0.20 LSH 18-26;CH0406415304;LFH18;40641530;101.4;;;20190110;101.4;;0;0;CHF;20190110;101.4;20180425;99;20180417;20260415;XSWX;BO;SE;400000
0.20 NADB 17-27;CH0362748276;NADB17;36274827;99.85;;;20181203;99.85;;0;0;CHF;20180123;99.65;20180509;97.9;20170424;20271022;XSWX;BO;US;0
0.20 NBRNS 16-31;CH0343366800;PNB16;34336680;96.1;;;20181219;96.1;;0;0;CHF;20180123;95.45;20181009;92.05;20161103;20311105;XSWX;BO;CA;0
0.20 SCOTIA 18-25 /Z;CH0441186514;BNS18;44118651;101.3;;;20190109;101.3;;0;0;CHF;20190109;101.3;20181119;100.05;20181116;20251117;XSWX;BO;CA;0
0.20 SCOTIA T3 18-25 /Z;CH0449619037;BNS181;44961903;101.4;;;;101.4;;0;0;CHF;;;;;20181212;20190122;XSWX;BO;CA;0
0.2075 KGC 18-23;CH0423563540;KOG18;42356354;101.15;;;20181220;101.15;;0;0;CHF;20181220;101.05;20181009;99.75;20180730;20230728;XSWX;BO;KR;0
0.25 AKAH 15-25;CH0301549348;AKA15;30154934;102.15;;;20181220;102.15;;0;0;CHF;20181220;102.05;20180214;99.45;20151113;20251114;XSWX;BO;SE;500000
0.25 ANZ 16-23;CH0310451825;ANN16;31045182;100.2;100.2;100.2;20190111;100.3;100.2;5000;5000;CHF;20180619;100.55;20181011;99.3;20160223;20231023;XSWX;BO;GB;0
0.25 ANZ 17-25;CH0357520433;ANN17;35752043;98.65;;;20190108;98.6;;0;0;CHF;20180118;99.55;20181010;97.2;20170320;20250918;XSWX;BO;GB;0
0.25 BCI 15-20;CH0278875965;BCR15;27887596;100.4;;;20190108;100.4;;0;0;CHF;20180518;100.9;20181002;100;20150615;20200615;XSWX;BO;CL;0
0.25 BDC 16-24;CH0346190033;BDC162;34619003;99.4;;;20181228;99.4;;0;0;CHF;20181228;99.05;20181107;97.5;20161201;20241203;XSWX;BO;CL;0
0.25 BNZ 15-22;CH0282018990;BNI15;28201899;100.6;;;20190109;100.6;;0;0;CHF;20180117;101.45;20181121;100.25;20150622;20220622;XSWX;BO;NZ;180000
0.25 CAHL 15-26;CH0305398247;CAB151;30539824;101;;;20190107;101;;0;0;CHF;20180821;101.45;20180205;98.85;20151216;20260616;XSWX;BO;FR;0
0.25 CAHL 17-27;CH0373945036;CAB17;37394503;99.8;;;20190109;99.8;;0;0;CHF;20180529;100.1;20181011;98;20170725;20270723;XSWX;BO;FR;0
0.25 CAHL 18-25;CH0401956880;CAB18;40195688;101.25;;;20190110;101.25;;0;0;CHF;20180529;102.05;20181008;100.1;20180306;20251204;XSWX;BO;FR;200000
0.25 CDM 18-25;CH0414510062;CDM18;41451006;102.2;;;20181115;102.2;;0;0;CHF;20180831;102.05;20180927;100.85;20180528;20270527;XSWX;BO;FR;0
0.25 Coca-Cola 15-22;CH0297974880;COC151;29797488;101.5;;;20190109;101.5;;0;0;CHF;20180119;101.9;20180209;100.6;20151001;20221220;XSWX;BO;US;0
0.25 DAIMFI 18-22 /Z;CH0446595602;DIF180;44659560;100.6;;;20190103;100.6;;0;0;CHF;20190103;100.75;20181119;99.95;20181113;20221111;XSWX;BO;NL;0
0.25 KIWIBANK 18-23;CH0407809794;KIW17;40780979;100.05;;;20190109;100.05;;0;0;CHF;20180529;100.6;20181005;99.35;20180416;20231016;XSWX;BO;NZ;0
0.25 KOREACORP 17-24;CH0365501508;KEC17;36550150;100.45;100.45;100.45;20190111;100.15;100.45;30000;30000;CHF;20180406;100.7;20180515;99.15;20170602;20240605;XSWX;BO;KR;0
0.25 NAB 16-23;CH0309761853;NAB16;30976185;100.95;;;20190108;100.95;;0;0;CHF;20180321;101.3;20181108;100.05;20160115;20230117;XSWX;BO;AU;0
0.25 NAB 18-24;CH0404599224;NAB18;40459922;100.25;;;20181219;100.25;;0;0;CHF;20180404;100.45;20181108;99.15;20180309;20240311;XSWX;BO;AU;0
0.25 NADB 15-25;CH0278346769;NADB15;27834676;101.75;;;20180731;101.75;;0;0;CHF;20180704;100.9;20180516;99.7;20150428;20250428;XSWX;BO;US;0
0.25 NBRNS 17-29;CH0347556877;PNB17;34755687;99.4;;;20181220;99.4;;0;0;CHF;20180117;99.3;20181010;96.65;20170117;20290117;XSWX;BO;CA;0
0.25 NESTLE 17-27;CH0383104335;NES17;38310433;99.7;;;20190109;99.7;;0;0;CHF;20180119;100.25;20180607;96.9;20171002;20270930;XSWX;BO;US;0
0.25 NORDEA 15-23;CH0302790115;NDA151;30279011;101.35;101.35;101.35;20190111;101;101.35;60000;60000;CHF;20181219;101.45;20180202;99.8;20151125;20231123;XSWX;BO;FI;0
0.25 ONT 17-29;CH0367206759;ONT17;36720675;99.45;;;20190103;99.45;;0;0;CHF;20190103;99.8;20181010;96.2;20170626;20290626;XSWX;BO;CA;0
0.25 VLB 18-25 /Z;CH0441186480;VLH181;44118648;102;;;20181221;102;;0;0;CHF;20181221;101.85;20181207;101.1;20181109;20251110;XSWX;BO;AT;0
0.253 KOREA EXP 18-23;CH0401007346;KEX18;40100734;101.05;;;20181214;101.05;;0;0;CHF;20181204;101.35;20180517;100;20180302;20230302;XSWX;BO;KR;0
0.288 TCISA 18-26;CH0425766539;TOT18;42576653;100.7;100.7;100.7;20190111;100.45;100.7;150000;150000;CHF;20190111;100.7;20181010;98.4;20180709;20260709;XSWX;BO;FR;0
0.297 CARIBB 16-28;CH0326371470;CDB16;32637147;96.9;;;20181207;96.9;;0;0;CHF;20180430;98.1;20181022;94.6;20160705;20280705;XSWX;BO;AN;0
0.30  POLSKI 17-21;CH0385997074;PKO17;38599707;100.25;;;20181220;100.25;;0;0;CHF;20180118;101.5;20180709;99.9;20171031;20211029;XSWX;BO;PL;0
0.30 ABN 16-24;CH0315593860;ABN16;31559386;100.2;;;20190109;100.2;;0;0;CHF;20190104;101;20181015;98.45;20160316;20241216;XSWX;BO;NL;0
0.30 AKAH 17-29;CH0373945085;AKA17;37394508;99.7;;;20181205;99.7;;0;0;CHF;20180116;99.75;20181016;97.4;20170906;20291004;XSWX;BO;SE;0
0.30 CAF 17-25;CH0360172727;CAF17;36017272;99.1;;;20190108;99.05;;0;0;CHF;20180525;100.35;20181109;97.9;20170405;20250404;XSWX;BO;US;0
0.30 CAL 17-24;CH0379268763;CAS17;37926876;99.8;;;20190107;99.8;;0;0;CHF;20180117;100.3;20181016;98.45;20171016;20240416;XSWX;BO;GB;0
0.30 CDM 17-27;CH0386949348;CDM17;38694934;101.1;;;20181219;101.1;;0;0;CHF;20180831;101.05;20181009;98.8;20171109;20271110;XSWX;BO;FR;0
0.30 DEPFA 16-21;CH0341440300;DEP16;34144030;99.15;99.15;99.15;20190111;98.8;99.15;5000;5000;CHF;20180118;100.8;20181123;97.9;20161031;20211029;XSWX;BO;DE;0
0.30 EDF 16-24;CH0341725858;EDF16;34172585;99.7;99.7;99.7;20190111;99.55;99.7;190000;190000;CHF;20190103;100.1;20180425;98.55;20161013;20241010;XSWX;BO;FR;0
0.30 JNLGF 18-23;CH0423233565;JAC18;42323356;100.85;;;20190104;100.85;;0;0;CHF;20190104;100.9;20180730;99.8;20180717;20231214;XSWX;BO;US;0
0.30 MHB 17-24;CH0384125040;MUN17;38412504;100.05;;;20190110;100.05;;0;0;CHF;20190104;100.25;20181121;98.7;20171011;20241218;XSWX;BO;DE;0
0.30 MPL 17-26;CH0347556885;MPL17;34755688;99.4;;;20181227;99.4;;0;0;CHF;20180117;101.2;20181012;97.4;20170118;20260115;XSWX;BO;US;0
0.30 NAB 17-25;CH0346828434;NAB17;34682843;99.2;;;20190110;99.2;;0;0;CHF;20180117;101.25;20181108;97.75;20170127;20251029;XSWX;BO;AU;0
0.30 NADB 18-26;CH0423233540;NAD18;42323354;101.85;;;20190110;101.85;;0;0;CHF;20190104;101.95;20181004;99.6;20180720;20260722;XSWX;BO;US;200000
0.30 SCOTIA 15-22;CH0295653577;BNS15;29565357;101.4;;;20190109;101.4;;0;0;CHF;20180529;101.9;20180423;100.45;20150914;20220914;XSWX;BO;CA;0
0.30 SPARNORD 16-22;CH0316423265;SNN16;31642326;100.95;100.95;100.95;20190111;101.35;100.95;100000;100000;CHF;20180530;101.45;20181015;100.25;20160316;20220914;XSWX;BO;NO;0
0.30 WBC 17-25;CH0387879056;WBC17;38787905;99.2;99.2;99.2;20190111;98.9;99.2;40000;40000;CHF;20180117;100.35;20181016;97.7;20171124;20251126;XSWX;BO;AU;0
0.303 KDB 18-23;CH0417086078;KDB18;41708607;101.3;;;20181005;101.3;;0;0;CHF;20180906;101.45;20180613;100.85;20180612;20230612;XSWX;BO;KR;0
0.304 CAF 16-24;CH0315955903;CAF161;31595590;99.9;;;20181017;99.9;;0;0;CHF;20180117;100.95;20181017;99.1;20160314;20240912;XSWX;BO;US;0
0.314 CABEI 18-24;CH0398677713;CBE181;39867771;99.75;;;20190104;99.75;;0;0;CHF;20180405;100.35;20181009;98.45;20180301;20240903;XSWX;BO;US;0
0.32 BFCM 17-25;CH0355139855;BCM17;35513985;99.3;;;20181227;99.3;;0;0;CHF;20180117;100.3;20181010;97.75;20170209;20250206;XSWX;BO;FR;0
0.322 FADB 18-23;CH0433761282;FGS18;43376128;100;;;20181206;99.4;;0;0;CHF;20181205;100.1;20181206;99.4;20180925;20230925;XSWX;BO;AE;0
0.35 ANZ 18-24;CH0398677747;ANN18;39867774;100.35;;;20190110;100.4;;0;0;CHF;20180305;100.65;20181016;99.15;20180220;20241018;XSWX;BO;GB;0
0.35 BS 16-25;CH0346461772;BSC161;34646177;99.1;99.1;98.85;20190111;98.8;98.85;350000;350000;CHF;20180809;100;20181106;97.35;20161129;20250528;XSWX;BO;CL;500000
0.35 LANDOE 15-23;CH0296231951;NOE151;29623195;103.05;;;20190104;103.05;;0;0;CHF;20190103;103.8;20180214;101.35;20150918;20230920;XSWX;BO;AT;0
0.35 MHB 18-23;CH0409938120;MUN18;40993812;100.5;;;20190107;100.5;;0;0;CHF;20180824;101.2;20181004;99.55;20180502;20231208;XSWX;BO;DE;0
0.35 NAB 15-22;CH0289316397;NAB15;28931639;101.5;;;20181221;101.5;;0;0;CHF;20180307;101.75;20181012;100.55;20150803;20220803;XSWX;BO;AU;0
0.35 SPBA1SMN 16-23;CH0318407761;SPT16;31840776;100.8;100.8;100.8;20190111;100.85;100.8;50000;50000;CHF;20190108;100.85;20181012;99.7;20160401;20230403;XSWX;BO;NO;0
0.366 BFCM 18-24;CH0407809778;BCM18;40780977;100;;;20181227;100;;0;300000;CHF;20180529;100.35;20181016;98.6;20180406;20241008;XSWX;BO;FR;0
0.371 CABEI 16-22;CH0311427626;CBE16;31142762;100.8;;;20190103;100.8;;0;0;CHF;20180123;101.55;20181005;100.05;20160224;20220824;XSWX;BO;US;0
0.373 KOROIL 18-23;CH0416445325;KNO18;41644532;101.65;;;20181212;101.65;;0;0;CHF;20181212;101.55;20180607;100.15;20180530;20230530;XSWX;BO;KR;0
0.375 AAPL 15-24;CH0271171685;APP151;27117168;101.8;101.8;101.8;20190111;101.9;101.8;15000;15000;CHF;20180118;102.3;20181010;100.1;20150223;20241121;XSWX;BO;US;0
0.375 ADCB 18-23;CH0391648026;ADC18;39164802;99.25;;;20190107;99.25;;0;0;CHF;20181029;100.6;20181210;98.65;20180119;20230119;XSWX;BO;KY;0
0.375 BS 15-22;CH0280567469;BSC15;28056746;100.8;;;20181228;100.8;;0;0;CHF;20180320;101.3;20180212;99.85;20150515;20220517;XSWX;BO;CL;0
0.375 CAL 15-20;CH0266842696;CAS15;26684269;100.87;;;20181221;100.87;;0;0;CHF;20180306;101.5;20181213;100.69;20150123;20200123;XSWX;BO;GB;0
0.375 JNLGF 17-25;CH0373945044;JAC177;37394504;100.35;;;20190103;100.35;;0;0;CHF;20180117;100.95;20181011;98.5;20170719;20250716;XSWX;BO;US;0
0.375 LANDOE 14-21;CH0256886505;NOE14;25688650;102;;;20181214;102;;0;0;CHF;20180627;102.45;20181101;101.8;20141023;20210423;XSWX;BO;AT;0
0.375 LIMECO 18-26;CH0398633377;LIM18;39863337;101.65;;;20181113;101.65;;0;0;CHF;20181113;100.85;20180925;99.55;20180924;20260923;XSWX;BO;DE;0
0.375 NYL 15-22;CH0267020045;NYG15;26702004;102;;;20181213;102;;0;0;CHF;20180323;102.1;20180212;101.45;20150130;20220131;XSWX;BO;KY;0
0.375 SHELL 15-23;CH0292877880;SIF15;29287788;101.7;101.7;101.7;20190111;102;101.7;15000;15000;CHF;20180619;102.3;20180423;100.85;20150821;20230817;XSWX;BO;NL;0
0.375 VERIZON 17-23;CH0367206668;VER01;36720666;100.35;100.35;99.75;20190111;100.35;99.75;75000;75000;CHF;20180126;100.9;20181010;99.1;20170529;20230526;XSWX;BO;US;0
0.375 VODGB 16-24;CH0325429188;VOD16;32542918;98.8;98.8;98.8;20190111;98.8;98.8;50000;50000;CHF;20180118;100.8;20181010;97.35;20160601;20241129;XSWX;BO;GB;0
0.375 WFC 15-22;CH0278875973;WEF15;27887597;100.75;100.75;100.75;20190111;100.75;100.75;200000;200000;CHF;20180117;101.95;20181119;100.2;20150529;20220531;XSWX;BO;US;150000
0.375 WSTPO 16-24;CH0306770600;WPL16;30677060;100.9;;;20190107;100.9;;0;0;CHF;20180117;101.8;20181113;99.9;20160203;20240201;XSWX;BO;GB;0
0.3825 KOREA EXP 18-24;CH0421460400;KOR18;42146040;101.6;;;20190110;101.6;;0;0;CHF;20190110;101.6;20181115;99.95;20180709;20240709;XSWX;BO;KR;0
0.40 BFCM 17-25;CH0368825474;BNP175;36882547;99.05;;;20190109;99.05;;0;0;CHF;20180122;100.1;20181016;97.1;20170616;20251217;XSWX;BO;FR;0
0.40 CWBA 17-26;CH0385518045;CWA17;38551804;98.8;;;20190107;98.8;;0;0;CHF;20180116;101;20180926;97.45;20171023;20260923;XSWX;BO;AU;2000000
0.40 HILTI 17-27;CH0384125123;HIL171;38412512;100.55;;;20190104;100.55;;0;0;CHF;20181228;101.05;20180215;98;20171106;20271104;XSWX;BO;LI;0
0.40 SOGE 17-22;CH0353945402;SGP17;35394540;99.6;;;20190109;99.6;;0;0;CHF;20180305;100.95;20181121;98.4;20170221;20220218;XSWX;BO;FR;0
0.40 WBC 15-23;CH0282343760;WBC151;28234376;101.05;;;20190109;101;;0;0;CHF;20180529;101.75;20181012;100.35;20150605;20230607;XSWX;BO;AU;0
0.40 WBC 18-24;CH0417086060;WBC181;41708606;100.85;;;20190107;100.85;;0;0;CHF;20190104;101.25;20181108;99.75;20180604;20240604;XSWX;BO;AU;0
0.4075 KEBHB 18-23 / Z;CH0429659615;KEB18;42965961;99.6;;;20190108;99.5;;0;0;CHF;20181203;99.8;20181002;99.25;20180912;20230912;XSWX;BO;KR;2000000
0.41 AMGNE 16-23;CH0314209369;AMG16;31420936;101.3;101.3;101.15;20190111;101.2;101.15;585000;585000;CHF;20180118;101.85;20181207;100.35;20160304;20230306;XSWX;BO;US;0
0.441 BS 18-23;CH0428194291;BSC181;42819429;100.25;;;20181227;100.25;;0;0;CHF;20181227;100.35;20181029;99.4;20180919;20231219;XSWX;BO;CL;0
0.45 CAF 15-23;CH0292086193;CAF151;29208619;101.7;;;20181228;101.7;;0;0;CHF;20180529;102.15;20181018;100.15;20150903;20230905;XSWX;BO;US;0
0.45 CAL 17-22;CH0358654934;CAL17;35865493;100.65;;;20190109;100.65;;0;0;CHF;20180328;101;20180716;99.45;20170310;20220310;XSWX;BO;GB;0
0.45 DEUT BAHN 17-30;CH0385997108;DBF17;38599710;99.3;;;20181228;99.3;;0;0;CHF;20180116;100.1;20181011;96.95;20171106;20301106;XSWX;BO;DE;1400000
0.45 JPM 16-26;CH0319415995;JPM16;31941599;98.6;98.6;98.6;20190111;98.65;98.6;250000;250000;CHF;20180117;101.5;20180612;96.8;20160509;20261109;XSWX;BO;US;0
0.45 LILLY 16-28;CH0323735602;LLY162;32373560;99.45;;;20190104;99.45;;0;0;CHF;20180118;100.8;20181010;97.15;20160523;20280522;XSWX;BO;US;0
0.45 VLB 18-24;CH0401956864;VLH18;40195686;100.9;;;20190104;100.9;;0;300000;CHF;20190104;101.1;20180926;99.9;20180301;20240301;XSWX;BO;AT;0
0.50 ABN 15-22;CH0285509409;ABN15;28550940;102.25;;;20181214;102.25;;0;0;CHF;20181130;102.2;20180725;101.5;20150727;20220727;XSWX;BO;GB;0
0.50 ACHMEA 17-23;CH0363645505;ACH17;36364550;100.4;;;20190108;100.4;;0;0;CHF;20180115;101.4;20181213;99.3;20170426;20231025;XSWX;BO;NL;200000
0.50 ACHMEA 17-25;CH0382451646;ACH171;38245164;98.3;;;20190109;98.3;;0;0;CHF;20180119;100.25;20181207;97.45;20171002;20251001;XSWX;BO;NL;0
0.50 ACHMEA 18-22 /Z;CH0441004402;ACH18;44100440;101.1;101.1;101.05;20190111;100.9;101.05;140000;140000;CHF;20190111;101.1;20181115;100.45;20181113;20221111;XSWX;BO;NL;0
0.50 AT&T 14-19;CH0260769382;ATT14;26076938;100.7;;;20190104;100.7;;0;0;CHF;20180223;101.75;20180920;100.51;20141125;20191202;XSWX;BO;US;5850000
0.50 CAF 15-26;CH0270382093;CAF15;27038209;99.85;;;20190109;99.85;;0;0;CHF;20180116;101.6;20181102;98.1;20150224;20260224;XSWX;BO;US;1000000
0.50 CAHL 15-27;CH0255893072;CAB15;25589307;102.6;;;20181206;102.6;;0;0;CHF;20180827;102.5;20181001;100.8;20150313;20270312;XSWX;BO;FR;0
0.50 CAHL 18-28 /Z;CH0435590382;CAB181;43559038;101.1;;;20190110;101.1;;0;0;CHF;20181221;101.3;20181009;99.3;20181001;20280929;XSWX;BO;FR;0
0.50 CG 17-24;CH0365501474;CGI17;36550147;98.95;;;20181219;98.95;;0;0;CHF;20180123;100.85;20181123;97.75;20170518;20241120;XSWX;BO;US;0
0.50 DEUT BAHN 18-28;CH0423233557;DBF18;42323355;101.55;;;20190104;101.55;;0;0;CHF;20190104;101.65;20181009;99.4;20180716;20280714;XSWX;BO;DE;0
0.50 DHSF 15-23;CH0305557644;DHS15;30555764;101.9;101.9;101.9;20190111;101.95;101.9;60000;60000;CHF;20180122;103.25;20180209;100;20151207;20231206;XSWX;BO;LU;500000
0.50 EBN 14-22;CH0253225921;EBN14;25322592;103.15;103.15;103.1;20190111;103.05;103.1;60000;60000;CHF;20180905;103.35;20180215;102.2;20140918;20220920;XSWX;BO;NL;0
0.50 GOLDMANGR 17-24;CH0379268672;GSG17;37926867;97.55;97.55;97.35;20190111;97.8;97.45;530000;530000;CHF;20180122;100.9;20181130;96.7;20170831;20241202;XSWX;BO;US;330000
0.50 HEAT 16-24;CH0311427584;BAA16;31142758;101.4;;;20190109;101.4;;0;0;CHF;20180119;101.8;20180215;99.95;20160215;20240515;XSWX;BO;JE;0
0.50 JPM 15-23;CH0272024669;JPM15;27202466;101.2;101.2;101.2;20190111;101.45;101.2;5000;5000;CHF;20180117;102.75;20180717;100.1;20150302;20231130;XSWX;BO;US;0
0.50 LANDOE 14-22;CH0256886539;NOE141;25688653;103.4;;;20181228;103.4;;0;0;CHF;20181228;103.4;20180206;102.85;20141023;20221025;XSWX;BO;AT;0
0.50 LGT 17-27;CH0360677287;LGT17;36067728;99.9;;;20190104;99.9;;0;0;CHF;20180117;100.9;20181010;97.95;20170510;20270510;XSWX;BO;LI;0
0.50 MHB 18-28;CH0417086086;MUN181;41708608;102.3;;;20190109;102.3;;0;0;CHF;20180709;102.45;20181012;100.05;20180612;20280612;XSWX;BO;DE;0
0.50 NYL 14-19;CH0243483812;NYLG14;24348381;100.42;;;20181220;100.42;;0;0;CHF;20180129;101.42;20181220;100.39;20140512;20190509;XSWX;BO;US;3350000
0.50 RCI 17-22;CH0362257997;RCI17;36225799;100.5;;;20190110;100.5;;0;1120000;CHF;20180118;101.6;20181122;98.7;20170419;20220414;XSWX;BO;FR;0
0.50 SANTAN 15-20;CH0292984447;SAN15;29298444;100.7;;;20181217;100.7;;0;0;CHF;20180710;101.25;20181011;100.35;20151001;20201001;XSWX;BO;ES;0
0.50 TCISA 15-27;CH0282018982;TOT15;28201898;100.95;;;20190110;100.95;;0;0;CHF;20180117;102.1;20181012;99;20150529;20270528;XSWX;BO;FR;0
0.50 TEVAPN 16-22;CH0333827498;TEV161;33382749;93;;;20190110;93;;0;0;CHF;20180807;97.25;20180115;90;20160727;20220726;XSWX;BO;NL;0
0.50 VODGB 16-31;CH0337829268;VOD161;33782926;86.9;86.9;86.9;20190111;87;86.9;5000;5000;CHF;20180126;93.35;20181016;85;20160915;20310917;XSWX;BO;GB;0
0.50 VPB 15-21;CH0262888933;VPB15;26288893;101.3;;;20190104;101.3;;0;0;CHF;20180921;101.85;20180423;101;20150401;20210401;XSWX;BO;LI;0
0.50 WBC 15-22;CH0255893064;WBC15;25589306;101.7;;;20190108;101.7;;0;0;CHF;20181220;102.25;20181004;101.35;20150129;20220131;XSWX;BO;AU;0
0.50 WBC 18-28;CH0398678927;WBC18;39867892;98.1;;;20190108;98.2;;0;0;CHF;20180312;99.65;20181112;96.2;20180214;20280512;XSWX;BO;AU;3000000
0.50 WFC 15-23;CH0299477353;WEF151;29947735;100.85;;;20190104;100.85;;0;0;CHF;20180117;102;20181203;99.85;20151029;20231031;XSWX;BO;US;0
0.51 CAF 16-26;CH0315955937;CAF162;31595593;99.55;;;20181221;99.55;;0;0;CHF;20180124;101.05;20181204;98.4;20160314;20260914;XSWX;BO;US;0
0.55 BFCM 15-23;CH0303925652;BCM15;30392565;101.5;;;20190110;101.5;;0;0;CHF;20180409;102.2;20180717;100.3;20151207;20231206;XSWX;BO;FR;0
0.55 CAL 15-22;CH0292086714;CAS152;29208671;101.75;101.75;101.75;20190111;101.6;101.75;250000;250000;CHF;20180508;102.45;20180726;100.7;20150828;20220830;XSWX;BO;GB;0
0.55 CAL 16-26;CH0323735677;CAS16;32373567;98.5;;;20181228;98.5;;0;0;CHF;20180118;100.75;20181116;96.8;20160610;20261210;XSWX;BO;GB;0
0.55 CSLB 16-24;CH0319415953;CSL16;31941595;100.9;;;20190107;100.9;;0;0;CHF;20180207;102.3;20181122;99.5;20160414;20240411;XSWX;BO;GB;0
0.55 DBI 16-22;CH0315593910;DEB16;31559391;100.8;;;20190104;100.8;;0;0;CHF;20180627;101.55;20181206;100.45;20160407;20221007;XSWX;BO;LU;0
0.55 ENELI 17-24;CH0353428060;ENF17;35342806;98.65;;;20190110;98.65;;0;0;CHF;20180117;101.9;20181121;94.4;20170301;20240830;XSWX;BO;NL;0
0.55 GOLDMANGR 16-21;CH0311427675;GSG16;31142767;100.6;100.75;100.6;20190111;100.55;100.75;200000;200000;CHF;20180529;102.15;20181207;100.3;20160307;20210907;XSWX;BO;US;0
0.55 MEDIO 18-23;CH0401956831;MED018;40195683;96.4;;;20181220;96.35;;0;0;CHF;20180503;100.35;20181120;94.05;20180228;20230228;XSWX;BO;LU;0
0.55 MHB 17-32;CH0386949314;MUN171;38694931;99.5;;;20181219;99.5;;0;0;CHF;20180705;99.2;20181005;96.5;20171120;20321118;XSWX;BO;DE;0
0.55 NESTLE 17-32;CH0383104343;NES171;38310434;97.45;;;20181112;97.45;;0;0;CHF;20180117;100.55;20181004;95;20171002;20320930;XSWX;BO;US;0
0.55 NORDEA 15-25;CH0284415681;NDA15;28441568;102.05;102.05;102.05;20190111;102.05;102.05;200000;200000;CHF;20190104;102.7;20181012;100.1;20150622;20250619;XSWX;BO;FI;0
0.55 RCI 18-23;CH0416239777;RCI18;41623977;98.3;;;20190110;97.95;;0;1000000;CHF;20180926;101.5;20190110;97.95;20180528;20230525;XSWX;BO;FR;0
0.565 MBANK 18-22;CH0418609613;MBA18;41860961;100.6;100.6;100.5;20190111;100.35;100.5;250000;500000;CHF;20190111;100.6;20181128;99.15;20180605;20220524;XSWX;BO;PL;0
0.568 BDC 18-23 /Z;CH0445088385;BDC18;44508838;100.9;;;20190104;100.9;;0;0;CHF;20190103;101.05;20181121;99.95;20181120;20231117;XSWX;BO;CL;0
0.575 BDEDC 17-27;CH0360172701;BEC173;36017270;98;98;97.6;20190111;97.3;97.6;380000;380000;CHF;20180615;100;20181217;96.5;20170406;20270405;XSWX;BO;CL;0
0.575 DVB 15-22;CH0283726088;DVB15;28372608;97.85;;;20190110;97.85;;0;0;CHF;20180315;98.7;20180607;95.7;20150615;20220615;XSWX;BO;DE;0
0.60 BFCM 17-27;CH0379610972;BCM171;37961097;98.35;;;20181219;98.35;;0;0;CHF;20180117;100.9;20181120;96.75;20171003;20270401;XSWX;BO;FR;0
0.60 SANTAN 16-21;CH0316994638;SAN161;31699463;100.65;;;20190109;100.65;;0;0;CHF;20180125;102.1;20180724;100.45;20160321;20210319;XSWX;BO;ES;0
0.617 MONDELE 17-24;CH0360172693;MON171;36017269;99.55;;;20190108;99.55;;0;0;CHF;20180528;101.75;20181203;97.9;20170329;20240927;XSWX;BO;US;0
0.625 BATINTFIN 14-21;CH0253514753;BIF141;25351475;100.95;101.6;100.95;20190111;101.55;101.6;40000;40000;CHF;20180528;102.15;20181128;100.4;20140905;20210906;XSWX;BO;GB;0
0.625 CAL 15-23;CH0262883363;CAL15;26288336;101.95;;;20190109;101.95;;0;0;CHF;20180116;102.3;20180723;100.55;20150313;20230913;XSWX;BO;GB;0
0.625 CAL 17-24;CH0370634666;CRA17;37063466;98.25;;;20181228;98.25;;0;0;CHF;20180115;101.35;20181120;97;20170710;20240710;XSWX;BO;GB;450000
0.625 CS 15-20;CH0292774657;CSU151;29277465;101;;;20190108;101;;0;0;CHF;20180118;101.65;20181214;100.9;20150820;20200819;XSWX;BO;GG;0
0.625 DB 15-23;CH0273925989;DB15;27392598;94.85;95.05;94.85;20190111;94.1;94.85;340000;540000;CHF;20180115;100.6;20181212;92.55;20150317;20231215;XSWX;BO;DE;0
0.625 DB 18-23;CH0399198396;DB180;39919839;96.15;96.15;96.15;20190111;96.15;96.15;80000;80000;CHF;20180207;100.1;20181213;95.25;20180206;20230206;XSWX;BO;DE;0
0.625 EBN 12-19;CH0185843007;EBN12;18584300;100.61;;;20190110;100.61;;0;0;CHF;20180123;102.6;20190110;100.61;20120702;20190701;XSWX;BO;NL;0
0.625 EMINBD 18-23;CH0401673980;ENB18;40167398;99.9;99.9;99.65;20190111;99.8;99.7;115000;115000;CHF;20190107;100.8;20181210;99.4;20180208;20230207;XSWX;BO;AE;0
0.625 KOM KR 15-27;CH0285597370;KOK15;28559737;105.2;;;20181219;105.2;;0;0;CHF;20181218;105.35;20181116;103.1;20150707;20270707;XSWX;BO;DK;0
0.625 LGT 15-25;CH0299477361;LGT15;29947736;101.85;;;20190109;101.85;;0;0;CHF;20180122;102.45;20181008;100.35;20151123;20251121;XSWX;BO;LI;200000
0.625 MACQ 15-23;CH0269836703;MBL15;26983670;100.85;100.85;100.85;20190111;100.55;100.85;40000;40000;CHF;20180118;102.4;20181214;100.1;20150302;20230831;XSWX;BO;AU;0
0.625 MFP 17-38;CH0361533125;MFP17;36153312;100.1;;;20181113;100.1;;0;0;CHF;20180619;98.8;20181113;96.35;20170807;20380804;XSWX;BO;FI;0
0.625 MON 15-21;CH0274758827;MON151;27475882;101.25;;;20190110;101.2;;0;0;CHF;20180305;102.15;20181205;101;20150326;20211228;XSWX;BO;US;0
0.625 Mondelez 15-20;CH0297782879;MON153;29778287;101;;;20181205;101;;0;0;CHF;20180314;102.05;20181205;101;20151005;20201002;XSWX;BO;US;0
0.625 NBABU 15-22;CH0278875940;FGS15;27887594;101.05;;;20181219;101.05;;0;0;CHF;20180309;102.25;20181211;100.75;20150522;20220524;XSWX;BO;AE;0
0.625 NLW 17-37;CH0361533117;NLW17;36153311;100.8;;;20180619;100.8;;0;0;CHF;20180316;99.85;20180226;97.8;20170818;20370819;XSWX;BO;NL;0
0.625 RY 14-19;CH0239498675;RBT14;23949867;100.33;;;20190104;100.33;;0;0;CHF;20180223;101.53;20190104;100.33;20140407;20190405;XSWX;BO;CA;3015000
0.625 SANTAN 18-22 /Z;CH0438965540;SAN18;43896554;101.1;;;20181218;101.1;;0;0;CHF;20181217;101.1;20181102;100.25;20181022;20221020;XSWX;BO;ES;0
0.625 SASNA 86-9999;CH0006125253;SAS86;612525;29;;;20190110;29;;0;0;CHF;20180810;31.5;20180620;27;19960816;;XSWX;BO;SE;0
0.625 TRANSQ 16-23;CH0327226863;TQF16;32722686;100.75;;;20181221;100.75;;0;0;CHF;20180117;102.15;20181109;99.95;20160622;20230621;XSWX;BO;AU;3000000
0.625 VODGB 17-27;CH0357520466;VOD17;35752046;97.85;;;20190108;97.85;;0;0;CHF;20180126;98.8;20181130;95.45;20170313;20270311;XSWX;BO;GB;0
0.625 WFC 14-20;CH0247902908;WEF14;24790290;101.65;;;20181106;101.65;;0;0;CHF;20180316;102.35;20181004;101.5;20140901;20200901;XSWX;BO;US;150000
0.625 WSTPO 14-20;CH0245865883;WPL14;24586588;101.6;;;20190110;101.6;;0;0;CHF;20180525;102.7;20181213;101.3;20140829;20200828;XSWX;BO;GB;0
0.633 CALTEX 18-24;CH0412528611;BNP18;41252861;98.6;;;20190108;98.55;;0;0;CHF;20180529;100.2;20181128;98;20180430;20240129;XSWX;BO;KR;0
0.65 AKAH 18-44;CH0398677671;AKA18;39867767;95.9;;;20190107;96;;0;0;CHF;20180411;98.8;20181010;90;20180206;20440204;XSWX;BO;SE;0
0.65 EDF 16-28;CH0341725866;EDF161;34172586;97.1;;;20190108;97.1;;0;0;CHF;20181228;97.25;20181010;94.25;20161013;20281011;XSWX;BO;FR;0
0.65 MONDELE 16-22;CH0310175549;MON161;31017554;101.35;101.35;101.35;20190111;101.35;101.35;80000;80000;CHF;20180228;102.5;20181126;100.95;20160125;20220722;XSWX;BO;US;0
0.65 TRANSQ 16-26;CH0340912168;TQF161;34091216;96.45;;;20190110;96.3;;0;0;CHF;20180322;101;20181121;94.9;20161031;20261029;XSWX;BO;AU;0
0.692 BDEDC 18-24 /Z;CH0441186522;BEC18;44118652;100.95;100.95;100.7;20190111;100.6;100.7;200000;200000;CHF;20190111;100.95;20181218;99.8;20181130;20241202;XSWX;BO;CL;0
0.695 HYUNDCS 18-23;CH0418609621;HYU18;41860962;100.55;100.55;100.55;20190111;100.6;100.55;10000;10000;CHF;20190104;101.25;20181206;100.25;20180625;20230623;XSWX;BO;KR;750000
0.697 CBQLTD 18-21;CH0401956898;CBQ18;40195689;100;;;20190110;99.9;;0;0;CHF;20180619;101.4;20181121;99;20180320;20210318;XSWX;BO;BM;0
0.70 SOGE 18-25;CH0404311687;SGP18;40431168;97.25;;;20181219;97.25;;0;0;CHF;20180405;101.15;20181116;96.15;20180222;20250224;XSWX;BO;FR;0
0.725 ADCB 18-24 /Z;CH0441004386;ADC181;44100438;100.7;;;20190104;100.7;;0;0;CHF;20190104;100.85;20181121;99.95;20181113;20240213;XSWX;BO;KY;0
0.732 AROUNDT 18-25;CH0398677689;ARO18;39867768;96.1;;;20190108;96.1;;0;0;CHF;20180126;99.75;20181219;92.05;20180126;20250128;XSWX;BO;LU;0
0.75 AAPL 15-30;CH0271171693;APP15;27117169;101.15;;;20190103;101.15;;0;0;CHF;20180116;103.4;20181010;98.9;20150223;20301121;XSWX;BO;US;0
0.75 AMPGF 18-22;CH0420465947;AMP18;42046594;100.5;100.5;100.5;20190111;100.4;100.5;200000;200000;CHF;20180918;100.75;20181008;99.85;20180615;20221215;XSWX;BO;AU;400000
0.75 BANSAN 17-23;CH0367206684;BS171;36720668;100.35;100.4;100.2;20190111;100.15;100.4;185000;185000;CHF;20180305;102.05;20181126;98.75;20170608;20230609;XSWX;BO;ES;0
0.75 BPCM 14-21;CH0255286707;BPP142;25528670;102.2;;;20190109;102.2;;0;0;CHF;20180115;103.3;20180508;101.45;20140926;20210923;XSWX;BO;GB;0
0.75 DB 16-21;CH0320297895;DB16;32029789;99.1;99.1;99.1;20190111;98.65;99.1;30000;30000;CHF;20180129;101.7;20181206;98.25;20160401;20210701;XSWX;BO;DE;0
0.75 DB 17-22;CH0358181219;DB170;35818121;97.7;97.7;97.65;20190111;97.65;97.65;85000;85000;CHF;20180126;101.6;20181212;96.8;20170317;20220317;XSWX;BO;DE;0
0.75 KLM NA 85-9999;CH0005362055;KLM85;536205;36.5;;;20190110;36.5;;0;0;CHF;20181210;38.5;20190110;36.5;19960816;;XSWX;BO;NL;0
0.75 MACQUAIRE 16-24;CH0310175515;MAC16;31017551;101.3;101.3;101.3;20190111;101;101.3;55000;55000;CHF;20180122;102.85;20181212;100.5;20160203;20240202;XSWX;BO;GB;0
0.75 MFP 14-24;CH0251885791;MFP14;25188579;106.35;;;20181221;106.35;;0;0;CHF;20181221;106.35;20181113;104.7;20140915;20240913;XSWX;BO;FI;400000
0.75 MINERA 14-19;CH0254281642;MMB14;25428164;100.96;100.96;100.96;20190111;101.04;100.96;2050000;2050000;CHF;20180309;101.4;20181105;100.7;20141110;20191108;XSWX;BO;MX;0
0.75 MPL 14-19;CH0241634929;MPL14;24163492;100.45;;;20181123;100.45;;0;0;CHF;20180116;101.8;20181123;100.53;20140416;20190415;XSWX;BO;US;0
0.75 NORDEA 14-19;CH0239193169;NDA14;23919316;100.98;;;20190109;100.98;;0;0;CHF;20180205;102.1;20190109;100.98;20140402;20191002;XSWX;BO;FI;0
0.75 PMI 14-19;CH0243069355;PMI14;24306935;101.13;;;20190108;101.13;;0;0;CHF;20180122;102.2;20181130;101.07;20140514;20191212;XSWX;BO;US;0
0.75 QUE 14-24;CH0258404455;QUE14;25840445;105.1;;;20181219;105.1;;0;0;CHF;20181219;104.95;20180215;103.25;20141119;20241119;XSWX;BO;CA;0
0.76 SINOC 15-22;CH0282018974;SOC15;28201897;100.2;100.2;99.7;20190111;99.7;99.95;910000;910000;CHF;20180117;102.9;20181127;98.15;20150615;20220615;XSWX;BO;GB;3000000
0.85 AFRICA 16-19;CH0330049856;AFC16;33004985;101;;;20181219;101;;0;600000;CHF;20180207;101.6;20181119;100.53;20160725;20191220;XSWX;BO;NG;0
0.85 DAIMFI 18-25 /Z;CH0446595610;DIF181;44659561;101.8;;;20190108;101.8;;0;0;CHF;20181227;102;20181119;100.3;20181113;20251112;XSWX;BO;NL;300000
0.875 ANZ 13-19;CH0205287706;ANN13;20528770;100.14;;;20181228;100.15;;0;0;CHF;20180115;101.67;20181228;100.19;20130212;20190211;XSWX;BO;GB;0
0.875 ASB 13-19;CH0214027606;ASB13;21402760;100.63;;;20190110;100.63;;0;0;CHF;20180226;102;20190110;100.63;20130607;20190605;XSWX;BO;GB;0
0.875 BMDN 18-21;CH0418609589;MER18;41860958;100.55;;;20181217;100.55;;0;0;CHF;20180907;101.4;20181211;100;20180612;20211210;XSWX;BO;MX;0
0.875 CWBA 13-20;CH0204477688;CWA13;20447768;101.38;101.38;101.38;20190111;101.43;101.38;25000;25000;CHF;20180223;102.65;20190111;101.38;20130207;20200206;XSWX;BO;AU;0
0.875 EBN 14-26;CH0253225954;EBN141;25322595;105.05;;;20181217;105.05;;0;200000;CHF;20180115;105.65;20181128;104;20140918;20260918;XSWX;BO;NL;0
0.875 KIWIBANK 14-19;CH0239034314;KIW14;23903431;100.36;;;20181121;100.36;;0;0;CHF;20180216;101.64;20181121;100.51;20140402;20190402;XSWX;BO;NZ;0
0.875 LSH 14-24;CH0252511925;LFH14;25251192;106.1;;;20190104;106.1;;0;0;CHF;20180118;106.15;20180321;104.9;20140912;20240912;XSWX;BO;SE;0
0.875 MFP 13-23;CH0203695629;MFP13;20369562;105.7;;;20181115;105.7;;0;0;CHF;20180119;106.1;20180213;104.85;20130130;20230127;XSWX;BO;FI;0
0.875 NRW 14-24;CH0248166669;NDW14;24816666;106.85;;;20181122;106.85;;0;0;CHF;20180403;106.95;20181022;105.65;20140725;20240725;XSWX;BO;DE;0
0.875 PMI 13-19;CH0206903764;PMI13;20690376;100.28;;;20181220;100.28;;0;0;CHF;20180117;101.51;20181220;100.33;20130307;20190306;XSWX;BO;US;0
0.875 SHELL 15-28;CH0292877898;SIF151;29287789;103.2;;;20190108;103.2;;0;0;CHF;20180116;105.05;20180518;101.6;20150821;20280817;XSWX;BO;NL;1000000
0.875 SPARNORD 14-20;CH0260496283;SNN14;26049628;102.1;;;20181221;102.1;;0;0;CHF;20180223;103.1;20181113;101.9;20141128;20201130;XSWX;BO;NO;0
0.875 VPB 15-24;CH0262888941;VPB151;26288894;103.15;;;20190109;103.15;;0;0;CHF;20180201;103.75;20181015;101.8;20150401;20241003;XSWX;BO;LI;0
0.956 GRANDCIT 18-26;CH0401956872;GRC18;40195687;97.65;;;20181207;97.65;;0;0;CHF;20180319;100.15;20181121;95.35;20180228;20260828;XSWX;BO;LU;0
1 ANZ 14-20;CH0234487384;ANI14;23448738;101.7;;;20181217;101.7;;0;0;CHF;20180124;102.9;20181212;101.65;20140306;20200305;XSWX;BO;GB;0
1 BANSAN 18-24;CH0428194200;BS18;42819420;100.4;100.4;100.4;20190111;100.35;100.4;140000;140000;CHF;20190104;100.65;20181128;98.15;20180906;20241206;XSWX;BO;ES;0
1 BFCM 18-26 /Z;CH0441186456;BCM181;44118645;102.45;;;20190107;102.45;;0;0;CHF;20190103;103.05;20181120;100.8;20181109;20261111;XSWX;BO;FR;0
1 BNP 18-25;CH0418620180;BNPP18;41862018;98.6;;;20181228;98.6;;0;0;CHF;20180605;101.25;20181126;97.85;20180605;20250604;XSWX;BO;FR;0
1 BPCM 14-20;CH0238053091;BPP14;23805309;102;;;20190109;102;;0;0;CHF;20180116;103.8;20190109;102;20140228;20200825;XSWX;BO;GB;0
1 CAL 14-21;CH0255590801;CAS141;25559080;102.9;102.9;102.9;20190111;102.95;102.9;150000;150000;CHF;20180122;103.85;20181120;102.75;20141006;20211006;XSWX;BO;GB;0
1 CAL 15-25;CH0266842704;CAS151;26684270;102.95;;;20181211;102.95;;0;0;CHF;20180313;104;20181121;101.5;20150123;20250123;XSWX;BO;GB;0
1 CIBC 12-19;CH0148723965;CIM12;14872396;100.15;;;20190110;100.15;;0;0;CHF;20180124;101.85;20190110;100.15;20120210;20190208;XSWX;BO;CA;1000000
1 Coca-Cola 15-28;CH0297974898;COC152;29797489;104.7;;;20190108;104.7;;0;0;CHF;20180116;107.15;20180926;102.55;20151001;20280928;XSWX;BO;US;0
1 COE 14-23;CH0236803992;COE14;23680399;106.55;;;20181206;106.55;;0;0;CHF;20180206;106.75;20180517;105.3;20140304;20230301;XSWX;BO;FR;0
1 CS 15-23;CH0278341224;CSU15;27834122;101.95;102.1;101.95;20190111;101.9;101.95;75000;375000;CHF;20180116;103.05;20181127;101.35;20150414;20230412;XSWX;BO;GG;0
1 CSLB 14-21;CH0254859116;CSL143;25485911;102.65;;;20190110;102.65;;0;300000;CHF;20180118;104.85;20181120;102.6;20140923;20210922;XSWX;BO;GB;0
1 GOLDMANGR 18-25;CH0417086045;GSG18;41708604;99.05;99.15;99.05;20190111;99.4;99.15;505000;505000;CHF;20180810;101.4;20181210;98.15;20180522;20251120;XSWX;BO;US;100000
1 IACBC 14-19;CH0254281634;ICB14;25428163;101.33;;;20190109;101.33;;0;0;CHF;20180208;102.3;20181217;101.1;20141015;20191213;XSWX;BO;CN;1900000
1 KIWIBANK 13-20;CH0209886511;KIW13;20988651;102.9;;;20190110;102.9;;0;0;CHF;20180320;104;20190110;102.9;20130419;20201218;XSWX;BO;NZ;0
1 LLOYBA 18-25;CH0429659607;LBG18;42965960;98.75;;;20190109;98.75;;0;0;CHF;20180831;100.6;20181128;97.25;20180831;20250228;XSWX;BO;GB;0
1 LSH 12-19;CH0185334973;LFH12;18533497;100.67;;;20181227;100.67;;0;0;CHF;20180223;102.26;20181227;100.67;20120525;20190524;XSWX;BO;SE;0
1 MPL 14-22;CH0254282202;MPL22;25428220;103.8;;;20190110;103.8;;0;0;CHF;20180117;104.8;20181011;103.3;20140917;20220915;XSWX;BO;US;0
1 NAB 13-20;CH0210384134;NAB131;21038413;101.81;101.81;101.81;20190111;101.9;101.81;35000;35000;CHF;20180309;103.3;20190111;101.81;20130411;20200414;XSWX;BO;AU;0
1 NAB 14-21;CH0245865834;NAB141;24586583;103.5;103.5;103.5;20190111;103.35;103.5;50000;50000;CHF;20180627;104.25;20181016;103.05;20140708;20211208;XSWX;BO;AU;0
1 OKB 12-21;CH0190125051;OKB123;19012505;104.35;;;20181221;104.35;;0;0;CHF;20180411;105.35;20181119;104.15;20120925;20210923;XSWX;BO;AT;0
1 OPCB 14-21;CH0247163618;POH14;24716361;102.95;;;20190109;102.95;;0;0;CHF;20180403;103.75;20181108;102.7;20140710;20210712;XSWX;BO;FI;0
1 PMI 12-20;CH0193296990;PMI12;19329699;102.25;;;20181206;102.25;;0;0;CHF;20180301;103.5;20181126;102.1;20120914;20200915;XSWX;BO;US;0
1 POLAND 14-21;CH0247904557;POL14;24790455;103.35;;;20190109;103.35;;0;0;CHF;20180815;103.95;20181114;103.05;20140915;20210915;XSWX;BO;PL;0
1 RABO 13-20;CH0215275519;RBK13;21527551;102.08;102.08;102.08;20190111;102.1;102.08;30000;30000;CHF;20180116;103.3;20181227;101.85;20130624;20200623;XSWX;BO;NL;500000
1 RBNOESW 12-20;CH0198104579;RNW12;19810457;102.85;102.85;102.85;20190111;102.9;102.85;150000;150000;CHF;20180117;104.2;20190111;102.85;20121108;20201109;XSWX;BO;AT;0
1 TCISA 14-24;CH0247902890;TOT14;24790289;105.1;;;20190107;105.1;;0;0;CHF;20180817;105.9;20180424;104.2;20140827;20240827;XSWX;BO;FR;0
1 TEVAPN 16-25;CH0333827506;TEV162;33382750;87.6;88.5;87.6;20190111;87.55;87.95;310000;310000;CHF;20180807;91.45;20180405;82.75;20160727;20250724;XSWX;BO;NL;0
1 TRANSQ 18-25;CH0409606362;TQF17;40960636;100;100.05;100;20190111;99.95;100.05;250000;250000;CHF;20180504;101.45;20181204;98.1;20180504;20251204;XSWX;BO;AU;0
1 VERIZON 17-27;CH0367206676;VER02;36720667;99.85;99.85;99.85;20190111;99.65;99.85;10000;10000;CHF;20180123;102.05;20181012;96.95;20170529;20271126;XSWX;BO;US;0
1 WOODSIDE 16-23;CH0330049831;WFL16;33004983;102.55;;;20181220;102.55;;0;0;CHF;20180118;104.55;20181220;102.2;20160707;20231207;XSWX;BO;AU;0
1.005 MFINAN 17-23;CH0359915433;BFF17;35991543;100.75;;;20190110;100.5;;0;0;CHF;20180405;103.35;20180709;99.75;20170324;20230324;XSWX;BO;FR;600000
1.05 UNICHILE 17-21;CH0383104376;CUC17;38310437;100.3;;;20190104;100.3;;0;0;CHF;20180206;102.6;20181228;99.65;20171012;20211013;XSWX;BO;CL;0
1.10 CBK 18-25;CH0423279303;COM18;42327930;100.15;;;20190108;100.15;;0;0;CHF;20180810;100.35;20181119;97.85;20180709;20250709;XSWX;BO;DE;0
1.115 CBQLTD 18-22 /Z;CH0438965516;CBQ181;43896551;100.2;;;20190110;100.2;;0;0;CHF;20190110;100.2;20181128;99.2;20181016;20221014;XSWX;BO;BM;400000
1.125 ABN 14-19;CH0232663549;ABR14;23266354;100.09;;;20181228;100.09;;0;0;CHF;20180201;101.76;20181228;100.12;20140129;20190128;XSWX;BO;NL;0
1.125 ABN 14-20;CH0240907094;ABR141;24090709;102;;;20181228;102;;0;0;CHF;20180219;103.1;20181228;102;20140422;20200422;XSWX;BO;NL;0
1.125 ASB 14-20;CH0233226262;ASB14;23322626;101.42;;;20190107;101.42;;0;0;CHF;20180212;103.25;20190107;101.42;20140203;20200131;XSWX;BO;GB;0
1.125 AUCKL 13-24;CH0204017005;ACK13;20401700;107.05;;;20190110;107.05;;0;0;CHF;20180117;107.3;20180514;105.9;20130205;20240202;XSWX;BO;NZ;0
1.125 AUSNET 12-19;CH0200252812;SPI121;20025281;100.51;;;20181217;100.51;;0;0;CHF;20180213;101.74;20181217;100.56;20121214;20190415;XSWX;BO;AU;0
1.125 BANSAN 17-27;CH0372831534;BS172;37283153;97.85;;;20190109;97.85;;0;0;CHF;20180504;102.45;20181121;95;20170719;20270716;XSWX;BO;ES;0
1.125 BARCGB 18-23;CH0426621683;BAC18;42662168;100;100;100;20190111;99.75;100;600000;600000;CHF;20180726;101.2;20181217;99;20180710;20230710;XSWX;BO;GB;4000000
1.125 BCI 14-19;CH0246788183;BCR14;24678818;100.76;;;20181220;100.77;;0;0;CHF;20180115;101.99;20181220;100.76;20140624;20190624;XSWX;BO;CL;0
1.125 BENADE 14-19;CH0234487400;BAB14;23448740;100.28;100.28;100.28;20190111;100.29;100.28;150000;150000;CHF;20180223;101.8;20190111;100.28;20140321;20190320;XSWX;BO;AU;130000
1.125 BFCM 14-19;CH0233720660;BCM14;23372066;100.16;;;20181211;100.17;;0;0;CHF;20180223;101.75;20181211;100.32;20140210;20190207;XSWX;BO;FR;0
1.125 BFCM 14-20;CH0243069256;BCM142;24306925;102.18;;;20190103;102.18;;0;0;CHF;20180117;103.6;20181217;101.93;20140520;20200519;XSWX;BO;FR;0
1.125 BNG 12-22;CH0193069835;BNG12;19306983;106.05;;;20180925;106.05;;0;0;CHF;20180118;106.9;20180925;105.6;20120911;20220908;XSWX;BO;NL;0
1.125 BNG 13-23;CH0207550010;BNG13;20755001;106.75;;;20181205;106.75;;0;0;CHF;20180226;106.8;20181016;105.85;20130315;20230414;XSWX;BO;NL;0
1.125 BNZ 12-19;CH0193486021;BNI121;19348602;101.16;101.16;101.16;20190111;101.17;101.16;30000;30000;CHF;20180209;102.85;20190111;101.16;20120918;20190917;XSWX;BO;NZ;0
1.125 CABEI 14-23;CH0255893056;CBE141;25589305;103.85;;;20190110;103.85;;0;0;CHF;20180322;104.85;20181009;103.1;20141124;20230222;XSWX;BO;US;0
1.125 CAHL 14-21;CH0235034110;CAB14;23503411;104.05;;;20190110;104.05;;0;0;CHF;20180118;106;20190110;104;20140210;20210809;XSWX;BO;FR;1900000
1.125 CAHL 14-24;CH0243273759;CAB141;24327375;106.9;;;20181109;106.9;;0;0;CHF;20180430;106.95;20181012;105.45;20140603;20240603;XSWX;BO;FR;0
1.125 DHSF 15-28;CH0305558030;DHS151;30555803;105.2;;;20190110;105.2;;0;0;CHF;20180117;106.65;20180426;102.15;20151207;20281206;XSWX;BO;LU;0
1.125 EBN 12-24;CH0185843015;EBN121;18584301;106.6;;;20190107;106.6;;0;0;CHF;20190104;106.95;20181015;105.4;20120702;20240701;XSWX;BO;NL;0
1.125 EIB 12-23;CH0196878661;EIB123;19687866;106.8;;;20190109;106.8;;0;0;CHF;20180404;107.9;20181015;106.15;20121024;20230421;XSWX;BO;LU;0
1.125 GSZ 12-20;CH0195288102;GSZ12;19528810;102.45;;;20190103;102.45;;0;0;CHF;20180117;104;20190103;102.45;20121008;20201006;XSWX;BO;FR;1000000
1.125 JPM 14-20;CH0243017081;JPM14;24301708;102.5;;;20181214;102.5;;0;0;CHF;20180129;103.65;20181115;102.4;20140502;20201104;XSWX;BO;US;0
1.125 KGC 13-20;CH0204678020;KOG13;20467802;101.57;;;20181221;101.57;;0;0;CHF;20180404;102.8;20181221;101.57;20130208;20200207;XSWX;BO;KR;0
1.125 KOREA EXP 14-19;CH0236331127;EXK141;23633112;101.07;;;20181204;101.07;;0;0;CHF;20180212;102.35;20181129;101.08;20140228;20190828;XSWX;BO;KR;250000
1.125 LSH 13-23;CH0209654984;LFH13;20965498;106.6;106.6;106.6;20190111;105.8;106.6;200000;200000;CHF;20190111;106.6;20181213;105.35;20130409;20230404;XSWX;BO;SE;0
1.125 MON 15-25;CH0274758835;MON152;27475883;100.9;100.9;100.9;20190111;100.45;100.9;130000;130000;CHF;20180118;104.35;20181203;99.3;20150326;20251223;XSWX;BO;US;180000
1.125 Mondelez 15-23;CH0297782952;MON154;29778295;102.45;;;20190103;102.45;;0;0;CHF;20180409;104.55;20181130;102.05;20151005;20231219;XSWX;BO;US;0
1.125 MPL 13-20;CH0215690402;MPL13;21569040;102.23;;;20181220;102.23;;0;0;CHF;20180213;103.3;20181220;102.5;20130614;20200615;XSWX;BO;US;0
1.125 NORDEA 12-20;CH0190125044;NBA12;19012504;102.6;;;20190107;102.6;;0;0;CHF;20180222;104;20190107;102.6;20120928;20200929;XSWX;BO;FI;0
1.125 NORSKE 13-23;CH0210891989;NOR13;21089198;105.1;105.1;105.1;20190111;105.25;105.1;30000;30000;CHF;20181205;105.15;20180802;103.85;20130430;20230426;XSWX;BO;NO;0
1.125 OKB 13-20;CH0217374286;OKB13;21737428;102.7;;;20190103;102.7;;0;0;CHF;20180226;104.5;20190103;102.7;20130724;20200721;XSWX;BO;AT;0
1.125 QUE 13-23;CH0205832618;QUE13;20583261;106;;;20181218;106;;0;0;CHF;20180831;106.4;20181114;105.3;20130220;20230217;XSWX;BO;CA;0
1.125 RABO 14-21;CH0239322495;RBK14;23932249;103.4;;;20190104;103.4;;0;0;CHF;20180309;104.35;20181214;103.15;20140404;20210401;XSWX;BO;NL;1000000
1.25 BDC 14-19;CH0238339433;BDC141;23833943;100.37;;;20181227;100.37;;0;0;CHF;20180118;102;20181227;100.42;20140319;20190318;XSWX;BO;CL;2430000
1.25 BNG 14-24;CH0241528741;BNG14;24152874;108.45;;;20181101;108.45;;0;0;CHF;20180117;109;20180423;107.25;20140428;20240426;XSWX;BO;NL;0
1.25 CAL 14-20;CH0241392783;CAS14;24139278;102.55;;;20181218;102.55;;0;0;CHF;20180314;103.7;20181127;102.4;20140415;20200715;XSWX;BO;GB;0
1.25 CDM 13-20;CH0229001000;CDM13;22900100;103.85;;;20180531;103.85;;0;0;CHF;20180531;104.65;20180417;104.6;20131212;20201211;XSWX;BO;FR;0
1.25 EIB 12-19;CH0146698425;EIB12;14669842;101.07;101.07;101.07;20190111;101.1;101.07;15000;15000;CHF;20180222;103.2;20190111;101.07;20120131;20190729;XSWX;BO;LU;0
1.25 GLENCRF 14-20;CH0255893049;GFE14;25589304;101.5;101.55;101.5;20190111;101.55;101.55;110000;110000;CHF;20180123;103.3;20180704;100.5;20141127;20201126;XSWX;BO;JE;0
1.25 GLENCRF 18-24;CH0435590390;GLE18;43559039;100.4;100.4;100.35;20190111;100.4;100.35;40000;40000;CHF;20181026;100.7;20181212;99;20181005;20241007;XSWX;BO;JE;0
1.25 GOLDMANGR 14-19;CH0237639502;GSG14;23763950;101.15;101.15;101.15;20190111;101.15;101.15;250000;250000;CHF;20180115;102.65;20190111;101.15;20140307;20190906;XSWX;BO;US;18400000
1.25 KOM INV 12-22;CH0148937649;KIV12;14893764;105.7;;;20190107;105.7;;0;0;CHF;20180122;106.65;20181203;105.35;20120224;20220223;XSWX;BO;SE;0
1.25 NLW 12-24;CH0190361029;NLW128;19036102;108.95;;;20181220;108.95;;0;0;CHF;20180117;109.3;20180212;107.4;20120807;20240806;XSWX;BO;NL;0
1.25 PEPSI 86-9999;CH0008941319;PEP86;894131;49.35;;;20190110;49.35;;0;0;CHF;20180124;62.75;20181221;46;19960816;;XSWX;FI;US;0
1.25 RABO 12-20;CH0194405335;RBK122;19440533;102.85;102.85;102.85;20190111;102.85;102.85;20000;20000;CHF;20180404;104.05;20190111;102.85;20121011;20201012;XSWX;BO;NL;0
1.25 SHB 13-19;CH0222359421;SHB13;22235942;101.81;;;20190103;101.81;;0;0;CHF;20180212;103.55;20181127;101.58;20130923;20191217;XSWX;BO;SE;1100000
1.25 SVE 13-23;CH0216320710;SEK13;21632071;107.65;;;20181121;107.65;;0;0;CHF;20180403;107.5;20180221;106.6;20130715;20230712;XSWX;BO;SE;0
1.25 WFC 14-24;CH0247902916;WEF141;24790291;104.35;;;20190103;104.4;;0;0;CHF;20180123;106.85;20181123;103.3;20140901;20240830;XSWX;BO;US;2000000
1.375 AT&T 14-24;CH0260769424;ATT141;26076942;102.35;102.35;102.35;20190111;102.3;102.35;250000;250000;CHF;20180117;107;20181203;101.65;20141125;20241202;XSWX;BO;US;500000
1.375 BATINTFIN 14-26;CH0253514761;BIF142;25351476;101.9;;;20190109;101.9;;0;0;CHF;20180116;106.35;20181121;98.9;20140905;20260904;XSWX;BO;GB;0
1.375 BNZ 14-21;CH0232635869;BNI14;23263586;103.25;;;20181207;103.25;;0;0;CHF;20180126;104.9;20181207;103.25;20140130;20210129;XSWX;BO;NZ;0
1.375 CAF 13-21;CH0204567322;CAF13;20456732;103.2;;;20190108;103.2;;0;0;CHF;20180118;104.85;20181121;103;20130207;20210208;XSWX;BO;US;0
1.375 CHICON 14-19;CH0238315672;CCB14;23831567;100.69;;;20190110;100.68;;0;0;CHF;20180321;102.08;20190110;100.68;20140526;20190523;XSWX;BO;HK;3350000
1.375 CRH 13-23;CH0204477290;CRH13;20447729;107.2;;;20181227;107.2;;0;0;CHF;20180119;108.15;20181119;106.5;20130313;20230310;XSWX;BO;FR;0
1.375 DEUT BAHN 13-23;CH0212937251;DBF13;21293725;107.7;107.7;107.7;20190111;107.45;107.7;100000;100000;CHF;20180116;108.15;20180925;106.75;20130722;20230719;XSWX;BO;DE;0
1.375 EIB 13-28;CH0204975426;EIB13;20497542;112.4;;;20190104;112.4;;0;0;CHF;20190104;112.8;20180925;109.95;20130219;20280216;XSWX;BO;LU;0
1.375 MFP 12-27;CH0185907083;MFP12;18590708;111.65;;;20181219;111.65;;0;0;CHF;20181219;111.45;20181113;109.45;20120607;20270603;XSWX;BO;FI;0
1.375 NIB 16-19;CH0325429196;NCB16;32542919;100.47;100.47;100.12;20190111;100.48;100.12;60000;60000;CHF;20180228;101.9;20190111;100.12;20160615;20190613;XSWX;BO;NL;0
1.375 NIB FI86-9999;CH0004724545;NIB86;472454;48.95;;;20181210;48.95;;0;0;CHF;20180406;52.45;20180918;47;19960816;;XSWX;FI;FI;0
1.375 NLW 12-27;CH0190125036;NLW121;19012503;111.8;;;20181228;111.8;;0;0;CHF;20180122;112.35;20181029;109.85;20120911;20270908;XSWX;BO;NL;0
1.375 SHB 12-22;CH0194958986;SHB12;19495898;105.5;;;20190109;105.45;;0;0;CHF;20180219;106.4;20181011;105;20121003;20220930;XSWX;BO;SE;0
1.375 SLOVAKIA 13-19;CH0206594498;SVK13;20659449;101.52;;;20190104;101.52;;0;0;CHF;20180212;103.5;20190104;101.48;20130412;20191011;XSWX;BO;SK;665000
1.375 STO 86-9999;CH0008982974;STO86;898297;51;;;20181218;51;;0;0;CHF;20181218;51;20180614;45.05;19960816;;XSWX;FI;US;0
1.375 TANNER 17-20;CH0384125131;TAS17;38412513;101.3;;;20190110;101.3;;0;0;CHF;20181009;102.3;20180413;100.25;20171108;20201106;XSWX;BO;CL;0
1.45 GAZPROM 18-23;CH0404311711;GAZ18;40431171;97.3;97.5;97.3;20190111;97.5;97.5;660000;895000;CHF;20180406;100.45;20181130;94.75;20180305;20230302;XSWX;BO;RU;150000
1.50 ABN 12-23;CH0188726852;ABN122;18872685;108.25;;;20181212;108.25;;0;0;CHF;20180117;108.85;20181115;108;20120716;20230713;XSWX;BO;NL;0
1.50 ABN 13-19;CH0215076339;ABN13;21507633;101.99;;;20190107;101.99;;0;0;CHF;20180222;103.8;20190107;101.99;20130925;20191219;XSWX;BO;NL;0
1.50 Achmea B.V 13-19;CH0212937236;ACB13;21293723;100.86;100.86;100.86;20190111;100.88;100.86;25000;25000;CHF;20180119;102.34;20190111;100.86;20130617;20190614;XSWX;BO;NL;0
1.50 ANZ 12-19;CH0143838032;ANZ121;14383803;100.18;;;20190110;100.18;;0;0;CHF;20180124;102.4;20190110;100.18;20120206;20190208;XSWX;BO;AU;0
1.50 AUC 14-24;CH0244717978;AUC14;24471797;101.65;;;20181217;101.65;;0;0;CHF;20180529;106.5;20181214;101.15;20140530;20240529;XSWX;BO;FR;0
1.50 AUCKL 14-25;CH0238765116;ACK14;23876511;110.65;;;20181219;110.65;;0;0;CHF;20181219;110.65;20181121;109.1;20140326;20251125;XSWX;BO;NZ;0
1.50 BANSAF 14-19;CH0255893023;BSS141;25589302;100.5;100.81;100.5;20190111;99.99;100.81;60000;60000;CHF;20180129;102.55;20180918;99;20141209;20191209;XSWX;BO;KY;0
1.50 BDC 13-19;CH0228207574;BDC131;22820757;101.85;;;20190110;101.85;;0;0;CHF;20180216;103.35;20190110;101.85;20131129;20191128;XSWX;BO;CL;4170000
1.50 BPCE 14-21;CH0238315656;BPE14;23831565;104.15;;;20190109;104.1;;0;0;CHF;20180124;105.25;20181115;103.85;20140428;20210427;XSWX;BO;FR;0
1.50 CABEI 13-19;CH0228518533;CBE132;22851853;101.58;;;20181217;101.58;;0;1200000;CHF;20180126;103.65;20181217;101.58;20131212;20191211;XSWX;BO;US;0
1.50 CABEI 13-20;CH0200252820;CBE13;20025282;101.75;;;20181228;101.75;;0;0;CHF;20180207;103.7;20181228;101.75;20130131;20200130;XSWX;BO;US;0
1.50 CAF 13-20;CH0219080048;CAF131;21908004;102.8;;;20181108;102.8;;0;0;CHF;20180322;104.25;20180925;102.95;20130809;20200810;XSWX;BO;US;0
1.50 CAF 14-28;CH0260067779;CAF141;26006777;106.95;;;20181227;106.95;;0;0;CHF;20180412;109.4;20181109;104.7;20141127;20281130;XSWX;BO;US;2400000
1.50 COMP FIN 14-24;CH0234789193;CFF14;23478919;108.45;;;20181214;108.45;;0;0;CHF;20180821;109.3;20180927;107.7;20140217;20240214;XSWX;BO;FR;0
1.50 CWBA 12-19;CH0180071463;CWA12;18007146;101.47;101.47;101.47;20190111;101.5;101.47;5200000;5200000;CHF;20180213;103.3;20190111;101.47;20120312;20190910;XSWX;BO;AU;750000
1.50 CWBA 14-22;CH0233911772;CWA14;23391177;104.7;104.7;104.7;20190111;104.7;104.7;50000;50000;CHF;20180115;106.1;20190111;104.7;20140205;20220202;XSWX;BO;AU;0
1.50 DEUT BAHN 12-24;CH0143838396;DBF121;14383839;108.5;;;20181217;108.5;;0;0;CHF;20180622;108.95;20181122;107.85;20120217;20240216;XSWX;BO;DE;0
1.50 DEUT BAHN 14-24;CH0235834154;DBF14;23583415;109.05;;;20181205;109.05;;0;0;CHF;20180306;109.35;20181015;107.95;20140224;20240821;XSWX;BO;DE;0
1.50 EIB 12-24;CH0188927450;EIB122;18892745;110.65;;;20181220;110.65;;0;0;CHF;20180117;111.65;20181015;109.1;20120730;20240729;XSWX;BO;LU;0
1.50 KEP 13-19;CH0222418235;KEP13;22241823;100.79;;;20181130;100.79;;0;0;CHF;20180319;102.14;20181130;100.86;20131021;20190416;XSWX;BO;KR;0
1.50 KRC 13-19;CH0225173290;KOR13;22517329;101.87;;;20190109;101.87;;0;0;CHF;20180201;103.45;20190109;101.87;20131128;20191127;XSWX;BO;KR;3675000
1.50 LGT 14-21;CH0233680203;LGT14;23368020;104;104;104;20190111;104;104;60000;60000;CHF;20180123;105.6;20190111;104;20140206;20210505;XSWX;BO;LI;0
1.50 NAB 14-24;CH0233911988;NAB14;23391198;108.8;;;20181130;108.8;;0;0;CHF;20180117;110.25;20181122;108;20140205;20240202;XSWX;BO;AU;0
1.50 PEMEX 15-20;CH0305117886;PMX15;30511788;100.9;100.95;100.5;20190111;100.95;100.5;635000;635000;CHF;20180308;103.3;20181128;98;20151204;20201204;XSWX;BO;MX;1200000
1.50 QUE 14-24;CH0232842341;PRQ14;23284234;108.65;;;20181106;108.65;;0;0;CHF;20180118;109.35;20181004;107.5;20140203;20240131;XSWX;BO;CA;0
1.625 BFCM 13-23;CH0209675211;BCM13;20967521;106.95;;;20180529;106.95;;0;0;CHF;20180528;107.85;20180423;106.6;20130409;20230404;XSWX;BO;FR;0
1.625 BLACKSEA 15-19;CH0281864493;BST15;28186449;101.4;;;20190108;101.4;;0;0;CHF;20180116;102.85;20181227;101.1;20150522;20191218;XSWX;BO;GR;0
1.625 CRH 12-19;CH0148606079;CRH12;14860607;100.35;;;20181128;100.36;;0;0;CHF;20180126;102.66;20181128;100.61;20120301;20190228;XSWX;BO;FR;0
1.625 CWBA 12-22;CH0183597266;CWA122;18359726;106;;;20180706;106;;0;0;CHF;20180706;106;20180706;106;20120430;20220427;XSWX;BO;AU;0
1.625 EBN 11-23;CH0136594337;EBN11;13659433;108.6;;;20181227;108.6;;0;1000000;CHF;20180525;109.45;20181012;107.85;20110930;20230928;XSWX;BO;NL;0
1.625 EIB 11-23;CH0142054391;EIB11;14205439;110.3;;;20181128;110.3;;0;0;CHF;20180308;110.25;20180925;109.4;20111121;20231120;XSWX;BO;LU;0
1.625 EIB 12-26;CH0180006113;EIB121;18000611;113.2;;;20181213;113.2;;0;0;CHF;20180323;113.3;20181008;111.1;20120329;20260330;XSWX;BO;LU;0
1.625 EIB 14-25;CH0233004172;EIB14;23300417;112.05;;;20181128;112.05;;0;0;CHF;20180117;112.95;20181008;110.15;20140131;20250130;XSWX;BO;LU;0
1.625 GSG 13-20;CH0205409011;GSG13;20540901;102.09;;;20190110;102.03;;0;0;CHF;20180117;103.8;20190110;102.03;20130204;20200203;XSWX;BO;US;21500000
1.625 GSZ 12-24;CH0195288193;GSZ121;19528819;108.6;;;20181211;108.6;;0;0;CHF;20180529;108.75;20181025;107.55;20121008;20241004;XSWX;BO;FR;0
1.625 KWP 13-19;CH0215076313;KWP13;21507631;100.48;;;20190107;100.48;;0;0;CHF;20180206;102.5;20190107;100.48;20130924;20190321;XSWX;BO;KR;0
1.625 NAB 13-23;CH0204477258;NAB13;20447725;106.95;;;20190109;106.9;;0;0;CHF;20180118;108.6;20181016;106.25;20130301;20230831;XSWX;BO;AU;0
1.625 PMI 14-24;CH0243069363;PMI141;24306936;107.15;;;20181220;107.15;;0;0;CHF;20180306;109;20181206;106.5;20140514;20240514;XSWX;BO;US;0
1.63 CPIPRO 18-23 /Z;CH0441186472;CPI18;44118647;100.35;100.35;100.35;20190111;100.25;100.35;80000;80000;CHF;20190111;100.35;20181107;99.55;20181025;20231023;XSWX;BO;LU;600000
1.72 QUEEN 11-39;CH0134577250;QLD11;13457725;139.8;;;;139.8;;0;0;CHF;;;;;20110915;20390913;XSWX;BO;AU;0
1.75 ACFR 14-22;CH0245865842;ACC14;24586584;103.4;;;20190108;103.4;;0;0;CHF;20180213;107.2;20190103;102;20140625;20220623;XSWX;BO;FR;0
1.75 BNG 10-20;CH0116103448;BNG105;11610344;104.6;;;20181206;104.6;;0;0;CHF;20180124;106.1;20181206;104.75;20101022;20201022;XSWX;BO;NL;0
1.75 BNP 15-25;CH0282344339;BNP15;28234433;103.25;;;20181220;103.25;;0;0;CHF;20180302;106.6;20181001;101.7;20150603;20250603;XSWX;BO;FR;0
1.75 BPCM 14-24;CH0238053125;BPP141;23805312;108.5;;;20190107;108.5;;0;0;CHF;20180206;109.6;20181126;107.2;20140228;20240223;XSWX;BO;GB;0
1.75 BS 13-19;CH0215076354;BSC131;21507635;101.63;;;20181228;101.63;;0;0;CHF;20180208;103.3;20181228;101.7;20130924;20190923;XSWX;BO;CL;0
1.75 CAL 13-23;CH0204477308;CAL13;20447730;106.75;;;20180725;106.75;;0;0;CHF;20180115;108.35;20180720;106.55;20130311;20230308;XSWX;BO;GB;0
1.75 CRH 13-25;CH0212937244;CRH131;21293724;111.65;;;20181107;111.65;;0;0;CHF;20181107;111.1;20181015;109.8;20130624;20250623;XSWX;BO;FR;0
1.75 DEUT BAHN 10-20;CH0120096398;DBF10;12009639;103.16;;;20190109;103.16;;0;1000000;CHF;20180116;105.4;20181227;103.15;20101201;20200528;XSWX;BO;DE;0
1.75 EIB 13-33;CH0215376325;EIB132;21537632;119.45;;;20190103;119.45;;0;0;CHF;20190103;120.55;20180222;116.75;20130626;20330623;XSWX;BO;LU;0
1.75 OKB 12-23;CH0181915734;OKB121;18191573;109.6;;;20181213;109.6;;0;0;CHF;20180221;110.25;20181005;108.75;20120522;20230519;XSWX;BO;AT;0
1.75 PEMEX 18-23;CH0416654272;PEM18;41665427;96.3;96.85;96.3;20190111;96.75;96.85;275000;585000;CHF;20180830;100.75;20181128;89.95;20180601;20231130;XSWX;BO;MX;0
1.75 SIGMA 05-11/SDL;CH0022527938;SFC05;2252793;0.01;;;20181016;0.01;;0;0;CHF;20181016;0.01;20181016;0.01;20160926;20190925;XSWX;BO;KY;0
1.875 AFD 10-29;CH0118532735;AFD101;11853273;116.2;;;20180529;116.2;;0;0;CHF;20180529;115.3;20180529;115.2;20101103;20291107;XSWX;BO;FR;0
1.875 AT&T 14-30;CH0260769440;ATT142;26076944;101.8;;;20181119;101.8;;0;0;CHF;20180117;110.85;20181119;101.5;20141125;20301202;XSWX;BO;US;0
1.875 BNP 12-22;CH0193040604;BNP12;19304060;106.8;;;20181206;106.8;;0;0;CHF;20180116;109.2;20181126;106.6;20120910;20220907;XSWX;BO;FR;0
1.875 CABEI 14-22;CH0229318131;CBE14;22931813;106.05;;;20190107;106.05;;0;0;CHF;20180404;107.45;20181023;105.9;20140221;20220222;XSWX;BO;US;200000
1.875 CRH 12-22;CH0184777271;CRH123;18477727;108.2;;;20190104;108.2;;0;0;CHF;20180122;109;20181114;107.45;20120521;20220517;XSWX;BO;FR;0
1.875 HILTI 13-23;CH0225071593;HIL131;22507159;108.3;;;20190110;108.25;;0;0;CHF;20180122;109.65;20181012;107.2;20131028;20231025;XSWX;BO;LI;0
1.875 LGT 13-23;CH0200252838;LGT13;20025283;107.65;107.65;107.65;20190111;107.65;107.65;240000;240000;CHF;20180117;109.35;20181128;107.3;20130206;20230203;XSWX;BO;LI;0
1.875 NLW 10-20;CH0115013226;NLW104;11501322;102.73;;;20190109;102.73;;0;0;CHF;20180220;105.2;20190109;102.75;20100729;20200129;XSWX;BO;NL;0
2 BFCM 14-24;CH0243069280;BCM141;24306928;108.95;;;20180731;108.95;;0;0;CHF;20180301;110.2;20180731;109;20140520;20240516;XSWX;BO;FR;0
2 BNG 10-30;CH0118848982;BNG107;11884898;132.1;;;;132.1;;0;0;CHF;;;;;20101102;20301030;XSWX;BO;NL;0
2 CAF 14-24;CH0225173332;CAF14;22517333;108.7;;;20190109;108.7;;0;0;CHF;20180118;111;20181109;108.2;20140203;20240131;XSWX;BO;US;0
2 CIF 10-19 /PF;CH0115108109;CEU101;11510810;100.12;;;20190107;100.13;;0;0;CHF;20180117;102.74;20190107;100.16;20100728;20190125;XSWX;BO;FR;0
2 DBG 10-30;CH0116403517;DBG103;11640351;118.3;;;20190107;118.3;;0;0;CHF;20190107;118.8;20181112;115.25;20100831;20300828;XSWX;BO;NO;0
2 EBO 11-26;CH0135998638;EBO112;13599863;117;;;;117;;0;0;CHF;;;;;20110907;20260904;XSWX;BO;AT;0
2 EIB 10-22;CH0115595487;EIB105;11559548;109.4;;;20181210;109.4;;0;0;CHF;20180119;111.35;20181210;109.1;20100820;20220819;XSWX;BO;LU;500000
2 EIB 10-35;CH0119542634;EIB107;11954263;124.9;;;20181220;124.9;;0;0;CHF;20180706;125.8;20180326;123.2;20101124;20351127;XSWX;BO;LU;0
2 FIRSTRAND 14-19;CH0238315680;FIB14;23831568;100.6;100.6;100.6;20190111;100.6;100.6;165000;165000;CHF;20180207;101.85;20180508;100.11;20140526;20190523;XSWX;BO;ZA;0
2 HSBCFR 10-19;CH0120743346;HCB102;12074334;100.79;;;20181220;100.8;;0;0;CHF;20180208;103.19;20181220;100.91;20101221;20190416;XSWX;BO;FR;0
2 JUGO 38-98/SDL;CH0006232836;JUG38;623283;1;;;;1;;0;0;CHF;;;;;19960816;;XSWX;BO;YU;0
2 KFW 10-19;CH0111056666;KFW101;11105666;102.02;;;20181219;102.02;;0;0;CHF;20180122;104.6;20181219;102.11;20100330;20190926;XSWX;BO;DE;0
2 LGT 12-19;CH0187695553;LGT12;18769555;101.22;;;20190109;101.22;;0;0;CHF;20180122;103.6;20190109;101.22;20120628;20190627;XSWX;BO;LI;1420000
2 MULTIBANK 17-21;CH0368697733;MUL17;36869773;100;;;20190108;100;;0;0;CHF;20180726;103.5;20181206;99.6;20170707;20210107;XSWX;BO;PA;0
2 PMI 11-21;CH0136594386;PMI111;13659438;106.1;;;20190110;106.1;;0;0;CHF;20180119;107.65;20181217;105.7;20111202;20211201;XSWX;BO;US;0
2 RABO 10-21;CH0115457670;RBK102;11545767;106.1;;;20190109;106.1;;0;0;CHF;20180117;108;20181120;106;20100913;20210913;XSWX;BO;NL;0
2 RABO 12-19;CH0147023466;RBK12;14702346;100.16;100.16;100.16;20190111;100.18;100.16;40000;40000;CHF;20180118;102.79;20190111;100.16;20120202;20190201;XSWX;BO;NL;0
2 RFF 10-26;CH0118886735;RFF101;11888673;114.4;;;20181207;114.4;;0;0;CHF;20180118;116.25;20181113;112.5;20101110;20261109;XSWX;BO;FR;0
2 RFF 10-34;CH0119577721;RFF102;11957772;137.55;;;;137.55;;0;0;CHF;;;;;20101122;20341121;XSWX;BO;FR;0
2 UNIBAIL 13-23;CH0226752290;UBL13;22675229;109;;;20190109;108.8;;0;0;CHF;20180822;111.15;20181004;106.8;20131118;20231115;XSWX;BO;FR;0
2.10 RZD 17-23;CH0379268748;RZD17;37926874;100.8;100.8;100.7;20190111;100.55;100.7;415000;680000;CHF;20180227;105.25;20180410;98.75;20170928;20230929;XSWX;BO;RU;0
2.125 BNG 10-29;CH0118668257;BNG106;11866825;120.2;;;20180711;120.2;;0;0;CHF;20180711;120.5;20180420;119;20101103;20291106;XSWX;BO;NL;0
2.125 CAL 14-24;CH0238315664;CAL14;23831566;109.75;;;20190108;109.75;;0;0;CHF;20180206;111.75;20181123;108.75;20140422;20241025;XSWX;BO;GB;200000
2.125 Credit Agricole 15-25;CH0292984454;CAL151;29298445;106.7;;;20181227;106.7;;0;0;CHF;20180201;109.65;20181016;105.25;20150925;20250925;XSWX;BO;FR;300000
2.125 DBG 10-25;CH0120425654;DBG104;12042565;121.6;;;;121.6;;0;0;CHF;;;;;20101213;20251210;XSWX;BO;NO;0
2.125 EBN 10-20;CH0112262933;EBN10;11226293;103.57;;;20181221;103.57;;0;0;CHF;20180212;105.6;20181213;103.53;20100518;20200422;XSWX;BO;NL;0
2.125 EIB 10-20;CH0110346225;EIB101;11034622;102.98;;;20190103;102.98;;0;0;CHF;20180115;106;20190103;103.07;20100318;20200117;XSWX;BO;LU;2700000
2.125 GASNATF 13-19;CH0204574914;GNF13;20457491;100.16;;;20190108;100.17;;0;0;CHF;20180221;102.6;20190108;100.18;20130206;20190205;XSWX;BO;NL;0
2.125 GLENCRF 13-19;CH0225710588;GFE13;22571058;101.99;;;20190109;101.99;;0;1080000;CHF;20180208;104.1;20181227;101.86;20131022;20191218;XSWX;BO;JE;0
2.125 KOM INV 11-21;CH0126324737;KIV11;12632473;113.9;;;;113.9;;0;0;CHF;;;;;20110329;20210326;XSWX;BO;SE;0
2.125 KOM KR 11-20;CH0124470904;KOK11;12447090;105;;;20181206;105;;0;0;CHF;20181206;105;20181206;105;20110309;20201006;XSWX;BO;DK;0
2.125 KOMMUB 11-21;CH0126455226;KOB11;12645522;115.2;;;;115.2;;0;0;CHF;;;;;20110331;20210329;XSWX;BO;NO;0
2.125 NORSKE 11-20;CH0123575091;NOR11;12357509;102.85;;;20181227;102.85;;0;0;CHF;20180405;104.75;20181227;102.9;20110210;20200211;XSWX;BO;NO;20900000
2.125 OKB 11-19;CH0124295764;OKB111;12429576;101.65;;;20181227;101.65;;0;0;CHF;20180212;104.2;20181227;101.65;20110221;20190718;XSWX;BO;AT;0
2.125 SLOVAKIA 13-23;CH0206594506;SVK131;20659450;111;;;20181219;111;;0;0;CHF;20180626;112;20181003;110.1;20130412;20231011;XSWX;BO;SK;0
2.125 SWED 11-21;CH0123069038;SWM111;12306903;114.9;;;;114.9;;0;0;CHF;;;;;20110204;20210203;XSWX;BO;SE;0
2.125 SWEMA 13-23;CH0215278448;SWE13;21527844;108.5;;;20190110;108.5;;0;0;CHF;20180918;108.55;20180130;106.25;20130624;20230621;XSWX;BO;SE;0
2.125 TANNER 16-19;CH0341725940;TAS16;34172594;101.5;101.5;101.5;20190111;101.55;101.5;50000;50000;CHF;20180313;103;20181002;101.25;20161111;20191113;XSWX;BO;CL;0
2.25 AKAH 11-21;CH0123918424;AKA11;12391842;106.15;;;20181031;106.15;;0;0;CHF;20181009;106.9;20181009;106.7;20110218;20210217;XSWX;BO;SE;0
2.25 BNG 05-20;CH0022721762;BNG056;2272176;105.2;;;20190110;105.2;;0;0;CHF;20180131;107.7;20190110;105.2;20051007;20201012;XSWX;BO;NL;0
2.25 BNG 11-21;CH0124071959;BNG111;12407195;106.35;;;20181128;106.35;;0;0;CHF;20180410;108.25;20181128;106.3;20110221;20210218;XSWX;BO;NL;0
2.25 BORAL 13-20;CH0204477241;BOR13;20447724;102;;;20190110;101.8;;0;0;CHF;20180126;104.7;20190108;101.45;20130218;20200217;XSWX;BO;AU;0
2.25 COMP FIN 10-21;CH0117615374;CFF104;11761537;107.6;;;20190108;107.6;;0;0;CHF;20180221;109.9;20181212;107.45;20101011;20211008;XSWX;BO;FR;0
2.25 COMP FIN 11-19;CH0133278686;CFF112;13327868;101.73;;;20181221;101.74;;0;0;CHF;20180124;104.45;20181221;101.86;20110805;20190806;XSWX;BO;FR;0
2.25 DBG 11-21;CH0122955377;DBG11;12295537;106.05;;;20181218;106.05;;0;0;CHF;20181218;106.05;20181218;106.05;20110124;20210120;XSWX;BO;NO;0
2.25 DDB 11-21;CH0122811554;DDB11;12281155;115.6;;;;115.6;;0;0;CHF;;;;;20110117;20210114;XSWX;BO;DK;0
2.25 DDB 11-21;CH0131374016;DDB113;13137401;116.6;;;;116.6;;0;0;CHF;;;;;20110627;20210624;XSWX;BO;DK;0
2.25 EBO 10-30;CH0117940640;EBO103;11794064;116.05;;;;116.05;;0;0;CHF;;;;;20101011;20301009;XSWX;BO;AT;0
2.25 EIF 13-23;CH0217677654;ENB131;21767765;110.9;;;20181228;110.9;;0;0;CHF;20181228;111.05;20181219;110.95;20130710;20230707;XSWX;BO;NL;0
2.25 EKSPORT 11-21;CH0123360254;EKS11;12336025;104.25;;;20181206;104.25;;0;0;CHF;20180117;106.75;20181206;104.25;20110209;20210208;XSWX;BO;NO;0
2.25 GAZPROM 17-22;CH0374882816;GAZ171;37488281;101.5;101.5;101.05;20190111;101.25;101.05;445000;445000;CHF;20180406;104.95;20180411;99;20170719;20220715;XSWX;BO;RU;0
2.25 GLENCRF 16-21;CH0319416001;GFE16;31941600;103.6;103.6;103.6;20190111;103.6;103.6;300000;300000;CHF;20180201;106.95;20180705;102.95;20160509;20210506;XSWX;BO;JE;0
2.25 KFW 10-20;CH0107134717;KFW10;10713471;104.65;;;20190109;104.65;;0;0;CHF;20180206;107.3;20190109;104.65;20100203;20200807;XSWX;BO;DE;0
2.25 KOM KR 10-19;CH0109370178;KOK10;10937017;101.82;;;20180913;101.82;;0;0;CHF;20180530;103.66;20180913;102.79;20100212;20190813;XSWX;BO;DK;0
2.25 MFP 10-19;CH0109141371;MFP10;10914137;102.71;;;20181017;102.72;;0;0;CHF;20180321;105.05;20181017;103.44;20100208;20191205;XSWX;BO;FI;0
2.25 NLW 10-19;CH0109987112;NLW101;10998711;101.95;;;20190108;101.95;;0;0;CHF;20180220;104.8;20190108;101.95;20100225;20190829;XSWX;BO;NL;1900000
2.25 NLW 11-21;CH0124205532;NLW11;12420553;106.35;;;20181211;106.35;;0;0;CHF;20180118;108.8;20181121;106.35;20110221;20210219;XSWX;BO;NL;0
2.25 NRW 06-19;CH0024151414;NBW06;2415141;100.41;;;20180528;100.42;;0;0;CHF;20180315;102.84;20180528;102.23;20060224;20190226;XSWX;BO;DE;0
2.25 RY 11-21;CH0127593140;RY11;12759314;106.3;;;20181204;106.3;;0;0;CHF;20180117;108.55;20181204;106.4;20110419;20210416;XSWX;BO;CA;0
2.25 SKAN ENSK 11-21;CH0123117019;SEB11;12311701;115.35;;;;115.35;;0;0;CHF;;;;;20110207;20210204;XSWX;BO;SE;0
2.25 SNCFM 11-21;CH0123385756;SNC11;12338575;105.95;;;20181218;105.95;;0;0;CHF;20180329;107.5;20181213;105.95;20110222;20210222;XSWX;BO;FR;0
2.25 SWED 11-21;CH0131220631;SWM113;13122063;116.5;;;;116.5;;0;0;CHF;;;;;20110617;20210616;XSWX;BO;SE;0
2.25 TRAFIGURA 18-23;CH0416445333;TRA18;41644533;97.75;97.75;97.1;20190111;97.75;97.5;140000;150000;CHF;20180712;101.75;20181120;91.2;20180528;20230525;XSWX;BO;LU;0
2.375 BNG 10-19;CH0109411238;BNG10;10941123;102.6;;;20190110;102.6;;0;0;CHF;20180201;105.5;20190110;102.6;20100216;20191114;XSWX;BO;NL;965000
2.375 BNP BP 11-20;CH0122951673;BPC11;12295167;105.3;;;20180627;105.3;;0;0;CHF;20180209;106.85;20180627;106.2;20110203;20201002;XSWX;BO;FR;0
2.375 CADES 11-23;CH0127860192;CDS111;12786019;111.55;;;20181214;111.55;;0;0;CHF;20180410;113;20181212;111.3;20110418;20230414;XSWX;BO;FR;0
2.375 CFCB 06-21;CH0023956532;EEP06;2395653;105.3;;;20190109;105.3;;0;0;CHF;20180328;105.9;20180123;104.3;20060206;20210204;XSWX;BO;LU;0
2.375 CIF 10-19;CH0109736824;CEU10;10973682;100.59;;;20181031;100.59;;0;0;CHF;20180314;103.07;20181031;101.09;20100223;20190228;XSWX;BO;FR;0
2.375 CRH 12-24;CH0148606137;CRH121;14860613;113.6;;;20190107;113.6;;0;0;CHF;20180821;114.4;20181109;112.45;20120301;20240229;XSWX;BO;FR;0
2.375 DEPFA 06-19;CH0024021302;DEP06;2402130;100.24;;;20181220;100.25;;0;0;CHF;20180123;102.6;20181220;100.38;20060213;20190212;XSWX;BO;IE;0
2.375 EIB 05-20;CH0021803942;EIB051;2180394;104.65;;;20190110;104.65;;0;0;CHF;20180209;107.6;20190110;104.65;20050705;20200707;XSWX;BO;LU;0
2.375 KCA 05-20;CH0022280058;KKA053;2228005;104;;;20181228;104;;0;0;CHF;20180208;106.5;20181228;103.95;20050823;20200821;XSWX;BO;AT;0
2.375 LEASEP 12-20;CH0195529380;LEA121;19552938;103.3;;;20181203;103.3;;0;0;CHF;20180528;104.35;20180522;102.45;20121012;20201012;XSWX;BO;NL;0
2.375 MFP 11-26;CH0126116539;MFP112;12611653;118.4;;;20181123;118.4;;0;0;CHF;20180808;118.1;20181005;116.15;20110328;20260326;XSWX;BO;FI;0
2.375 NLW 05-20;CH0022235607;NLW051;2223560;105.05;;;20190104;105.05;;0;0;CHF;20180321;107.15;20190104;105.1;20050815;20200814;XSWX;BO;NL;0
2.375 NLW 06-23;CH0023960328;NLW06;2396032;111.85;;;20181218;111.85;;0;0;CHF;20180117;113.6;20181120;111.05;20060123;20230124;XSWX;BO;NL;0
2.375 NORFIN 11-21;CH0123385772;NDA11;12338577;106.6;;;;106.6;;0;0;CHF;;;;;20110228;20210225;XSWX;BO;FI;0
2.375 NSWTC 11-41;CH0126325353;NSW11;12632535;154.75;;;;154.75;;0;0;CHF;;;;;20110426;20410423;XSWX;BO;AU;0
2.375 ONT 10-20;CH0112138794;ONT10;11213879;103.97;;;20181206;103.97;;0;0;CHF;20180117;107;20181206;104.32;20100505;20200504;XSWX;BO;CA;0
2.375 PEMEX 16-21;CH0323735669;PMX161;32373566;102.35;102.35;102.35;20190111;102.3;102.35;150000;150000;CHF;20180119;107.5;20181128;98.7;20160610;20211210;XSWX;BO;MX;200000
2.375 SIGMA 04-09/SDL;CH0018912912;SFC04;1891291;0.01;;;20181102;0.01;;0;0;CHF;20180628;0.02;20181102;0.01;20130730;20190726;XSWX;BO;KY;0
2.375 SNCFM 09-19;CH0106942508;SNC092;10694250;101.65;;;20190110;101.65;;0;0;CHF;20180220;104.13;20190110;101.65;20091120;20190719;XSWX;BO;FR;0
2.375 SOGE 12-22;CH0193270730;SGP12;19327073;109.1;;;20181211;109.1;;0;0;CHF;20180709;110.85;20181211;108.8;20120917;20220914;XSWX;BO;FR;0
2.375 STN 11-21;CH0129734916;STN11;12973491;105.25;;;20190109;105.25;;0;0;CHF;20180417;107.5;20190109;105.15;20110606;20210203;XSWX;BO;NO;0
2.50 ARCELOR 15-20;CH0287282476;ARC15;28728247;103.45;103.45;103.4;20190111;103.45;103.4;30000;30000;CHF;20180227;105.5;20190111;103.4;20150701;20200701;XSWX;BO;LU;0
2.50 BANCBRA 13-19;CH0229751927;BDB13;22975192;100.8;100.8;100.8;20190111;100.83;100.8;130000;130000;CHF;20180116;102.7;20180626;100.75;20131218;20190617;XSWX;BO;KY;0
2.50 BNG 05-25;CH0021894602;BNG054;2189460;117.75;;;20181219;117.75;;0;0;CHF;20180329;118.55;20181109;116.3;20050718;20250716;XSWX;BO;NL;0
2.50 BNG 09-19;CH0105376641;BNG094;10537664;102.49;;;20181211;102.49;;0;0;CHF;20180117;105.55;20181211;102.77;20091008;20191009;XSWX;BO;NL;0
2.50 BRCOL 10-30;CH0111865611;PBC10;11186561;139.6;;;;139.6;;0;0;CHF;;;;;20100415;20300415;XSWX;BO;CA;0
2.50 CADES 11-25;CH0124739902;CDS11;12473990;117.45;;;20181205;117.45;;0;0;CHF;20180123;118.75;20181012;115.8;20110307;20251204;XSWX;BO;FR;0
2.50 CFCB 06-19;CH0024590207;EEP061;2459020;100.6;;;20181017;100.6;;0;0;CHF;20180116;102.93;20181017;101.14;20060321;20190322;XSWX;BO;LU;0
2.50 CFF 06-31;CH0024141100;CFF06;2414110;123.1;;;20190109;123.1;;0;0;CHF;20180118;125.9;20181022;120.4;20060222;20310218;XSWX;BO;FR;0
2.50 CRH 11-21;CH0125062262;CRH111;12506226;106.6;106.6;106.6;20190111;106.6;106.6;100000;100000;CHF;20180502;108.8;20190111;106.6;20110325;20210324;XSWX;BO;FR;0
2.50 EIB 07-19;CH0028608856;EIB07;2860885;100.22;;;20190103;100.23;;0;0;CHF;20180117;103.62;20190103;100.3;20070202;20190205;XSWX;BO;LU;0
2.50 EKSPORT 09-19;CH0106322123;EKS091;10632212;100.81;;;20190104;100.81;;0;0;CHF;20180116;103.56;20181227;100.7;20091026;20190424;XSWX;BO;NO;0
2.50 HES 10-30;CH0111386147;HES10;11138614;139.35;;;;139.35;;0;0;CHF;;;;;20100422;20300424;XSWX;BO;DE;0
2.50 HFI 05-25;CH0022333980;EHL054;2233398;113.65;;;20190109;113.65;;0;0;CHF;20181228;114.7;20180130;109.5;20050824;20250826;XSWX;BO;LU;0
2.50 JUGO 34-98/SDL;CH0006232752;JUG34;623275;10;;;;10;;0;0;CHF;;;;;19960816;;XSWX;BO;YU;0
2.50 KFW 05-25;CH0022268004;KFW05;2226800;118.2;;;20181127;118.2;;0;0;CHF;20180326;119.65;20181011;117;20050822;20250821;XSWX;BO;DE;0
2.50 KKA 06-22;CH0024015452;KKA06;2401545;107.8;;;20190108;107.8;;0;0;CHF;20180226;109.5;20190108;107.75;20060209;20220208;XSWX;BO;AT;0
2.50 MFP 10-30;CH0110994776;MFP102;11099477;139.45;;;;139.45;;0;0;CHF;;;;;20100325;20300326;XSWX;BO;FI;0
2.50 NLW 10-30;CH0111878457;NLW103;11187845;139.6;;;20160128;139.6;;0;0;CHF;;;;;20100421;20300416;XSWX;BO;NL;0
2.50 NRW 10-30;CH0110904098;NDW101;11090409;139.8;;;;139.8;;0;0;CHF;;;;;20100401;20300403;XSWX;BO;DE;0
2.50 ONT 09-19;CH0107212968;ONT091;10721296;102.88;;;20181218;102.88;;0;0;CHF;20180131;105.6;20181218;103;20091202;20191129;XSWX;BO;CA;0
2.50 PEMEX 12-19;CH0181646883;PMX12;18164688;100.53;100.53;100.53;20190111;100.53;100.53;15000;15000;CHF;20180226;103.13;20190107;100.48;20120405;20190405;XSWX;BO;MX;1000000
2.50 SWED 11-22;CH0129918071;SVM112;12991807;110.4;;;20180921;110.4;;0;0;CHF;20180301;111.85;20180620;110.85;20110531;20220531;XSWX;BO;SE;0
2.50 WELTBK 10-30;CH0110411565;WEL10;11041156;139.9;;;;139.9;;0;0;CHF;;;;;20100323;20300327;XSWX;BO;US;0
2.59 NCKTZ 14-19;CH0246198037;NCK14;24619803;100.95;100.95;100.95;20190111;100.97;100.95;5000;5000;CHF;20180206;102.99;20181127;100.94;20140618;20190618;XSWX;BO;KZ;0
2.595 TELEF 13-20;CH0222418300;TEL13;22241830;104.45;;;20190109;104.45;;0;0;CHF;20180201;107.4;20190109;104.45;20131021;20201020;XSWX;BO;ES;0
2.625 ABN 11-21;CH0127860184;ABR113;12786018;107.9;;;20180403;107.9;;0;0;CHF;20180122;110.4;20180329;110;20110426;20210422;XSWX;BO;GB;0
2.625 ADB 09-19;CH0101526678;BAD09;10152667;100.67;100.67;100.67;20190111;100.7;100.67;35000;35000;CHF;20180126;103.98;20190111;100.67;20090520;20190320;XSWX;BO;CI;0
2.625 AFD 10-25;CH0109155827;AFD10;10915582;117.2;;;20180405;117.2;;0;0;CHF;20180117;118.7;20180313;116.45;20100217;20250213;XSWX;BO;FR;0
2.625 CFFL 09-19;CH0106680777;DEX091;10668077;101.97;;;20181109;101.97;;0;0;CHF;20180222;104.7;20181109;102.39;20091110;20190807;XSWX;BO;FR;2200000
2.625 COMP FIN 10-30;CH0115457530;CFF103;11545753;138.4;;;;138.4;;0;0;CHF;;;;;20100816;20300820;XSWX;BO;FR;0
2.625 EIB 10-25;CH0107134683;EIB10;10713468;118.1;;;20181207;118.1;;0;0;CHF;20180529;118.75;20181024;117.05;20100202;20250206;XSWX;BO;LU;0
2.625 EIB 10-30;CH0112120503;EIB103;11212050;142;;;;142;;0;0;CHF;;;;;20100414;20300416;XSWX;BO;LU;0
2.625 ING 11-21;CH0126516043;ING112;12651604;106.75;;;20190103;106.75;;0;0;CHF;20180626;108;20190103;106.75;20110322;20210318;XSWX;BO;NL;0
2.625 NLW 07-22;CH0028608195;NLW07;2860819;110.05;;;20181218;110.05;;0;0;CHF;20181218;110.15;20181217;109.9;20070205;20220202;XSWX;BO;NL;0
2.625 OKB 06-24;CH0027752200;OKB061;2775220;117.05;;;20181211;117.05;;0;0;CHF;20180206;118.1;20181012;115.8;20061117;20241119;XSWX;BO;AT;6400000
2.625 RATP 09-19;CH0027333241;RAT06;2733324;102.67;;;20190107;102.67;;0;0;CHF;20180124;106;20190107;102.67;20061102;20191101;XSWX;BO;FR;560000
2.625 RFF 11-31;CH0124855328;RFF11;12485532;125;;;20190103;125;;0;0;CHF;20190103;126;20180426;122.5;20110307;20310305;XSWX;BO;FR;0
2.625 RFF 11-37;CH0125067774;RFF111;12506777;134.05;;;20180514;134.1;;0;0;CHF;20180123;134.15;20180514;130.85;20110309;20370306;XSWX;BO;FR;0
2.625 SNCFM 06-21;CH0027815288;SNC06;2781528;109;;;20181218;109;;0;0;CHF;20180117;111.45;20181127;108.5;20061211;20211208;XSWX;BO;FR;0
2.625 VLB 09-19;CH0105995762;VLH09;10599576;102.66;;;20190104;102.66;;0;0;CHF;20180326;104.95;20190104;102.68;20091026;20191025;XSWX;BO;AT;0
2.64167 SIGMA VA 18-19/SDL;CH0024019462;SFC063;2401946;0.1;;;20161013;0.1;;0;0;CHF;;;;;20180612;20190611;XSWX;FL;KY;0
2.73 RZD 13-21;CH0205819441;RZD131;20581944;104.2;;;20190109;104.2;;0;0;CHF;20180406;106.5;20180410;103.15;20130222;20210223;XSWX;BO;RU;0
2.75 ASIA 10-30;CH0109156262;ASI10;10915626;128.55;;;20181128;128.55;;0;0;CHF;20180323;128.5;20181018;126.25;20100203;20300206;XSWX;BO;PH;0
2.75 BNG 10-30;CH0111826514;BNG102;11182651;143.1;;;;143.1;;0;0;CHF;;;;;20100409;20300409;XSWX;BO;NL;0
2.75 CFCB 05-20;CH0020371065;EEP05;2037106;103.65;;;20181205;103.65;;0;0;CHF;20180912;104.7;20181205;103.6;20050131;20200204;XSWX;BO;LU;0
2.75 CFCB 07-22;CH0028622600;EEP07;2862260;109.3;;;20180803;109.3;;0;0;CHF;20180803;109.8;20180423;108.85;20070202;20220204;XSWX;BO;LU;0
2.75 GAZPROM 16-21;CH0346828400;GAZ17;34682840;103;103;103;20190111;103.25;103;50000;50000;CHF;20180406;106.95;20180410;101.85;20161129;20211126;XSWX;BO;RU;0
2.75 HAABK 07-17;CH0028623145;HAA071;2862314;105.1;;;20180919;105.1;;0;0;CHF;20180919;100.2;20180919;100.2;20150813;20190806;XSWX;BO;AT;0
2.75 HFI 05-20;CH0020393150;EHL05;2039315;103.55;103.55;103.55;20190111;103.6;103.55;20000;20000;CHF;20180316;105;20190111;103.55;20050203;20200204;XSWX;BO;LU;0
2.75 HSBC 11-21;CH0126453718;HSG111;12645371;110.4;;;;110.4;;0;0;CHF;;;;;20110330;20210329;XSWX;BO;GB;0
2.75 IADB 09-19;CH0100683017;IDB09;10068301;100.93;;;20181213;100.94;;0;0;CHF;20180227;104.1;20181213;101.15;20090409;20190410;XSWX;BO;US;0
2.75 ICICI 13-20;CH0202406440;CIC12;20240644;101.51;;;20181228;101.51;;0;0;CHF;20180201;104.75;20181106;101.47;20130104;20191230;XSWX;BO;AE;0
2.75 KFW 07-37;CH0029008809;KFW07;2900880;138.95;;;20180903;138.95;;0;0;CHF;20180903;136.6;20180903;136.6;20070214;20370211;XSWX;BO;DE;100000
2.75 NETRAIL 06-21;CH0026950078;NRI06;2695007;108.9;;;20190109;108.9;;0;0;CHF;20180411;111.1;20190109;108.9;20060929;20211001;XSWX;BO;GB;0
2.75 NORDEA 11-21;CH0125589850;NDA112;12558985;106.9;;;20181210;106.9;;0;0;CHF;20180131;109.2;20181210;107;20110318;20210317;XSWX;BO;FI;0
2.75 OKB 05-20;CH0020372402;OKB05;2037240;103.67;;;20181130;103.67;;0;0;CHF;20180227;106.65;20181130;103.9;20050126;20200123;XSWX;BO;AT;0
2.75 SLOVAKIA 12-22;CH0181915585;SVK121;18191558;110.25;;;20181004;110.25;;0;0;CHF;20180313;111.95;20181004;110.15;20120423;20220420;XSWX;BO;SK;0
2.75 SNCFM 09-19;CH0020626773;SNC09;2062677;100.08;;;20190110;100.09;;0;0;CHF;20180117;103.51;20190110;100.09;20090227;20190118;XSWX;BO;FR;10000000
2.75 WELTBK 09-19;CH0100128385;WEL09;10012838;101.15;;;20190109;101.15;;0;0;CHF;20180123;104.45;20190109;101.15;20090420;20190502;XSWX;BO;US;0
2.85 GAZPROM 13-19;CH0226274261;GAZ13;22627426;101.88;101.97;101.88;20190111;101.88;101.97;335000;335000;CHF;20180228;104.35;20180912;101.5;20131023;20191022;XSWX;BO;RU;200000
2.875 ALFA 17-22;CH0385518086;ALF17;38551808;98.5;98.5;98.5;20190111;98.5;98.5;5000;5000;CHF;20180326;100.5;20180925;95.1;20171107;20221107;XSWX;BO;IE;0
2.875 CFCB 05-25;CH0020593874;EEP051;2059387;115.25;;;20190103;115.25;;0;0;CHF;20181205;116.5;20180212;113.9;20050307;20250307;XSWX;BO;LU;0
2.875 CFFL 10-30;CH0111862063;DEX10;11186206;137.9;;;;137.9;;0;0;CHF;;;;;20100416;20300418;XSWX;BO;FR;0
2.875 COMP FIN 09-19;CH0104007577;CFF092;10400757;102.4;;;20181217;102.41;;0;0;CHF;20180227;105.55;20181217;102.62;20090901;20190905;XSWX;BO;FR;2350000
2.875 CREDITO 18-22;CH0398677754;CRE18;39867775;98;;;20190110;98;;0;0;CHF;20180312;100.85;20181121;95.65;20180208;20220207;XSWX;BO;MX;0
2.875 KGC 11-19;CH0138775876;KOG111;13877587;102.65;;;20190110;102.65;;0;0;CHF;20180605;104.18;20190110;102.65;20111006;20191008;XSWX;BO;KR;0
2.875 KOM KR 31;CH0026985520;KOK06;2698552;132.05;;;20181115;132.05;;0;0;CHF;20180201;132.7;20181115;129.15;20061009;20311009;XSWX;BO;DK;0
2.875 OKB 05-30;CH0020632144;OKB052;2063214;128.9;;;20190103;128.9;;0;0;CHF;20190103;129.8;20181005;125.65;20050222;20300220;XSWX;BO;AT;0
2.875 QUE 09-21;CH0107559392;QUE092;10755939;109.85;;;20181127;109.85;;0;0;CHF;20180312;111.9;20181127;109.85;20091214;20211214;XSWX;BO;CA;0
2.875 RFF 09-21;CH0013843443;RFF09;1384344;107.45;;;20181221;107.45;;0;0;CHF;20180206;110.35;20181221;107.45;20090224;20210223;XSWX;BO;FR;0
3 BHARAT 14-19;CH0234487392;BHP14;23448739;102.5;;;20190110;102.5;;0;1100000;CHF;20180213;105.6;20181228;101.75;20140318;20191217;XSWX;BO;IN;0
3 BHARTIAIR 14-20;CH0234487426;BAT14;23448742;102.2;102.2;102.2;20190111;102.2;102.2;400000;400000;CHF;20180307;105.9;20181108;100;20140327;20200326;XSWX;BO;NL;0
3 CADES 09-21;CH0100525382;CDS092;10052538;108.4;;;20181120;108.4;;0;0;CHF;20180911;109.35;20181120;108.35;20090417;20210416;XSWX;BO;FR;0
3 CFF 07-22;CH0030876111;CFF071;3087611;111.35;111.35;111.35;20190111;111.5;111.35;450000;450000;CHF;20180116;114.45;20190111;111.35;20070605;20220602;XSWX;BO;FR;0
3 CGI 07-19;CH0029365100;CGI07;2936510;100.7;;;20190108;100.7;;0;0;CHF;20180118;104;20190108;100.7;20070319;20190318;XSWX;BO;US;0
3 EIB091 09-21;CH0100128351;EIB091;10012835;108.6;;;20181206;108.6;;0;0;CHF;20180215;111.35;20181206;108.6;20090409;20210409;XSWX;BO;LU;0
3 ENF 11-20;CH0131078435;ENF111;13107843;104.23;;;20181217;104.23;;0;0;CHF;20180117;107.6;20181129;103.95;20110621;20200618;XSWX;BO;NL;0
3 GATEFIN 17-22;CH0353945394;GAT17;35394539;102.5;102.55;101.55;20190111;102.5;101.55;95000;95000;CHF;20181010;102.95;20180223;95.85;20170224;20220224;XSWX;BO;LU;0
3 HSHN 07-19    /PF;CH0030985599;HSH07;3098559;101.23;;;20190109;101.23;;0;0;CHF;20180129;104.37;20190109;101.23;20070611;20190611;XSWX;BO;DE;2500000
3 ING 11-21;CH0131749134;ING113;13174913;110.8;;;20171228;110.8;;0;0;CHF;;;;;20110616;20211214;XSWX;BO;NL;0
3 MACQ 12-22;CH0199544989;MB121;19954498;110.55;;;20190104;110.55;;0;0;CHF;20180117;114.25;20181130;110.3;20121127;20221124;XSWX;BO;AU;0
3 MFP 09-21;CH0100262069;MFP092;10026206;108.6;;;20181113;108.6;;0;0;CHF;20180213;110.75;20181113;108.7;20090409;20210412;XSWX;BO;FI;0
3 NYK 11-21;CH0131910256;NYK111;13191025;111.05;;;20171214;111.05;;0;0;CHF;;;;;20110705;20210702;XSWX;BO;DK;0
3 OKB 07-22;CH0031102061;OKB071;3110206;112.25;;;20181029;112.25;;0;0;CHF;20180131;114.4;20181005;112.15;20070608;20220609;XSWX;BO;AT;0
3 RFF 09-19;CH0103078231;RFF091;10307823;101.12;;;20181115;101.13;;0;0;CHF;20180115;104.75;20181115;101.6;20090721;20190417;XSWX;BO;FR;0
3 VINCI 12-22;CH0146839870;VIN12;14683987;109.1;;;20181203;109.1;;0;0;CHF;20180320;111.6;20181203;109;20120123;20220119;XSWX;BO;FR;0
3.125 ABN 11-21;CH0131220730;ABR114;13122073;108.6;;;20180726;108.6;;0;0;CHF;20180306;110.35;20180625;109.7;20110624;20210623;XSWX;BO;NL;0
3.125 BND IMM 31;CH0026674314;BIM06;2667431;134.1;;;20181122;134.1;;0;0;CHF;20180711;134.2;20181004;131.55;20060831;20310827;XSWX;BO;AT;0
3.125 CBK 06-25;CH0026096567;HIE06;2609656;119.9;120.05;119.9;20190111;120.7;120.05;350000;350000;CHF;20180302;121.45;20181015;118.8;20060713;20250710;XSWX;BO;DE;0
3.125 CGI 06-21;CH0026791225;CGI061;2679122;108.6;;;20181220;108.6;;0;0;CHF;20180117;112;20181220;108.7;20060922;20210922;XSWX;BO;US;0
3.125 CSG 10-30;CH0119533278;CSY10;11953327;122.2;;;20190107;122.2;;0;0;CHF;20180119;125;20181101;119.05;20101110;20301106;XSWX;BO;GG;0
3.125 DDB 13-25;CH0230277821;DDB13;23027782;102.65;;;20190109;102.65;;0;0;CHF;20180115;108.75;20181008;101.15;20131216;20251215;XSWX;BO;DK;0
3.125 DEPFA 06-23;CH0026714276;DEP062;2671427;114.55;;;20181012;114.55;;0;0;CHF;20180329;115.45;20180719;114.4;20060913;20230914;XSWX;BO;DE;0
3.125 EIB 06-36;CH0025896942;EIB06;2589694;144.1;;;20181018;144.1;;0;0;CHF;20180321;144.85;20181018;140.9;20060628;20360625;XSWX;BO;LU;200000
3.125 FTT 14-19;CH0254281626;FTT14;25428162;101.63;101.85;101.63;20190111;101.85;101.63;75000;75000;CHF;20180122;104.9;20190111;101.63;20140926;20190926;XSWX;BO;LU;0
3.125 GE 04-19;CH0019903365;GEC047;1990336;102.61;;;20190108;102.6;;0;2700000;CHF;20180116;106.8;20181120;102.15;20041201;20191203;XSWX;BO;US;0
3.125 ING 11-21;CH0125055696;ING111;12505569;107.7;;;20181203;107.7;;0;0;CHF;20180906;108.7;20181203;107.9;20110304;20210301;XSWX;BO;NL;0
3.125 RBK 06-26;CH0026620846;RBK062;2662084;120.85;;;20181128;120.85;;0;0;CHF;20180130;123.45;20181120;119.7;20060912;20260910;XSWX;BO;NL;0
3.125 RBSNV 11-21;CH0127513114;ABR112;12751311;109;;;20180626;109;;0;0;CHF;20180502;110;20180320;109.6;20110426;20210422;XSWX;BO;GB;0
3.238 DZB 13-23;CH0220734930;DZB13;22073493;111.65;;;20181214;111.65;;0;0;CHF;20181001;112.5;20180822;108;20130828;20230825;XSWX;BO;DE;0
3.25 ALLIANZSE 14-99;CH0234833371;ALM14;23483337;101.3;101.3;101.2;20190111;101.2;101.2;250000;250000;CHF;20180116;104.05;20190107;100.95;20140131;99990201;XSWX;BO;DE;0
3.25 BIM 07-19;CH0031835439;BIM071;3183543;101.99;101.99;101.99;20190111;102.04;101.99;455000;455000;CHF;20180123;105.9;20190111;101.99;20070713;20190711;XSWX;BO;AT;0
3.25 BKNWB 06-29;CH0026233491;NLW061;2623349;132.25;;;20181206;132.3;;0;0;CHF;20180702;132.8;20181012;129.65;20060804;20290802;XSWX;BO;NL;0
3.25 BNG 07-37;CH0031409177;BNG072;3140917;147.6;;;20181115;147.65;;0;0;CHF;20180629;144.5;20181115;142.4;20070628;20370624;XSWX;BO;NL;0
3.25 DEPFA 06-31;CH0026116084;DEP061;2611608;123.2;;;20181112;123.2;;0;0;CHF;20180125;122.05;20180928;119.7;20060727;20310728;XSWX;BO;IE;0
3.25 FFGROUP 17-21;CH0385518052;FFG17;38551805;7;7;7;20190111;6.9;7;55000;55000;CHF;20180503;101;20180927;5.65;20171031;20211029;XSWX;BO;LU;0
3.25 ICO 07-24;CH0031408112;ICO07;3140811;114.9;;;20181218;114.9;;0;0;CHF;20180313;117.95;20181119;114.1;20070622;20240625;XSWX;BO;ES;0
3.25 NCKTZ 18-23 /Z;CH0448036266;JSC18;44803626;100.75;100.75;100.7;20190111;100.7;100.7;55000;55000;CHF;20190111;100.75;20181218;100.2;20181204;20231201;XSWX;BO;KZ;0
3.25 OKB 06-36;CH0026213451;OKB06;2621345;145.1;;;20171211;145.1;;0;0;CHF;;;;;20060721;20360722;XSWX;BO;AT;0
3.25 POLAND 07-19;CH0030644030;POL07;3064403;101.33;;;20190109;101.33;;0;0;CHF;20180116;105.02;20190109;101.33;20070514;20190510;XSWX;BO;PL;500000
3.25 RFF 06-32;CH0025826949;RFF06;2582694;135.1;;;20190103;135.1;;0;0;CHF;20190103;136.35;20181026;131.8;20060626;20320625;XSWX;BO;FR;0
3.25 RLYE 18-24;CH0398013778;RAL18;39801377;59;59;57;20190111;58.95;57;35000;45000;CHF;20180313;100.35;20180912;37.25;20180206;20240206;XSWX;BO;FR;0
3.25 Sch Klin 14-19;CH0240625902;SKS14;24062590;100;;;20190108;99.76;;0;0;CHF;20180115;103.45;20181105;99;20140530;20190527;XSWX;BO;DE;0
3.375 ABNGB 06-31;CH0026302304;ABR063;2630230;134.8;134.8;134.8;20190111;134.9;134.8;200000;200000;CHF;20180126;138.15;20181031;133.55;20060810;20310812;XSWX;BO;GB;0
3.375 ARG REP 17-20;CH0361824458;ARG17;36182445;93.75;;;20190110;93.75;;0;0;CHF;20180115;104.05;20180905;86;20170411;20201008;XSWX;BO;AR;0
3.375 COE 08-20;CH0039266512;COE08;3926651;107.8;;;20190108;107.85;;0;0;CHF;20180911;108.5;20190108;107.85;20080505;20201103;XSWX;BO;FR;0
3.375 EIB 07-27;CH0033596476;EIB071;3359647;129.85;;;20181005;129.85;;0;0;CHF;20180411;131.45;20181005;128.05;20071011;20271012;XSWX;BO;LU;0
3.375 HOLCIM 11-21;CH0128250583;HOF11;12825058;107.7;107.7;107.7;20190111;108;107.7;50000;50000;CHF;20180130;110.95;20190111;107.7;20110608;20210607;XSWX;BO;BM;0
3.375 KKA 06-26;CH0025662831;KKA062;2566283;121.65;;;20181214;121.65;;0;0;CHF;20180529;122.65;20181005;119.45;20060619;20260616;XSWX;BO;AT;0
3.375 ONT 09-19;CH0101032537;ONT09;10103253;101.24;;;20181116;101.25;;0;0;CHF;20180212;105.14;20181116;101.79;20090424;20190424;XSWX;BO;CA;0
3.375 OPBC 11-21;CH0132112993;POH11;13211299;110.7;;;20180918;110.7;;0;0;CHF;20180918;110.9;20180918;110.9;20110713;20210709;XSWX;BO;FI;0
3.375 SCOR 14-99;CH0255497452;SCR14;25549745;104.4;;;20190109;104.4;;0;0;CHF;20180531;107.05;20181228;103;20141016;;XSWX;BO;FR;500000
3.45 TELEF 12-22;CH0200252788;TEL121;20025278;111.55;;;20190108;111.55;;0;0;CHF;20180206;115.35;20181212;111.1;20121212;20221209;XSWX;BO;ES;0
3.50 CFFL 07-19;CH0033023216;DEX071;3302321;102.64;;;20181109;102.66;;0;0;CHF;20180626;104.96;20181109;103.35;20070823;20190823;XSWX;BO;FR;450000
3.50 RBK 07-23;CH0033037679;RBK072;3303767;116.5;;;20181221;116.5;;0;0;CHF;20180221;118.8;20181203;116;20070829;20230828;XSWX;BO;NL;0
3.625 RBK 09-19;CH0101589353;RBK092;10158935;102.06;;;20181026;102.07;;0;0;CHF;20180124;106.35;20181026;102.84;20090623;20190627;XSWX;BO;NL;0
3.638 NCKTZ 14-22;CH0246199050;NCK141;24619905;101.9;101.9;101.9;20190111;101.9;101.9;10000;10000;CHF;20180406;107.45;20190111;101.9;20140618;20220616;XSWX;BO;KZ;0
3.75 YPF 16-19;CH0336352825;YPF16;33635282;100.25;100.25;100.04;20190111;100.24;100.04;155000;155000;CHF;20180119;103.6;20180831;94.18;20160928;20190926;XSWX;BO;AR;0
4 AFRIC 16-20;CH0310140568;ABL162;31014056;100;100;98.25;20190111;99.5;99.5;68000;68000;CHF;20180409;102.5;20181018;95.55;20160404;20200702;XSWX;BO;ZA;0
4 ENELI 12-27;CH0198415074;ENF121;19841507;123.1;;;20190109;123.1;;0;0;CHF;20180117;130.7;20181120;117.95;20121025;20271021;XSWX;BO;NL;0
4 RLYE 16-20;CH0341440326;RAL16;34144032;85;85;83.05;20190111;85;85;70000;70000;CHF;20180117;104.25;20180913;40;20161121;20201119;XSWX;BO;FR;0
4.25 UIB 12-22;CH0195512519;UCI12;19551251;110.2;;;20181219;110.2;;0;0;CHF;20180517;117;20181213;109.6;20121017;20221014;XSWX;BO;IE;0
4.75 AFRIC 16-19;CH0310140543;ABL161;31014054;98.71;;;20190110;98.65;;0;0;CHF;20180312;101.99;20180907;95.96;20160404;20190314;XSWX;BO;ZA;0
4.75 INVCORP 14-19;CH0244725328;IVT14;24472532;101.37;101.37;101.13;20190111;101.14;101.27;110000;110000;CHF;20180226;104;20181227;100.94;20140610;20190607;XSWX;BO;LU;0
4.75 RAIFFINT 12-22;CH0194405343;RBI12;19440534;109;;;20190109;109;;0;0;CHF;20180119;119.9;20181228;108.75;20121022;20221019;XSWX;BO;AT;0
4.75 SOU CA86-9999;CH0008977131;SOU862;897713;47;;;20180921;47;;0;0;CHF;20180507;51;20180921;47;19960816;;XSWX;FI;US;0
5 AFRIC 16-22;CH0310140600;ABL164;31014060;100.5;100.5;100.5;20190111;98.55;100.5;48000;48000;CHF;20180309;104.45;20181030;96.75;20160404;20220420;XSWX;BO;ZA;0
5 JSC VTB 14-24;CH0248531110;VTB14;24853111;102.3;;;20190110;102.45;;0;0;CHF;20180711;104.5;20180410;97.7;20140722;20241022;XSWX;CO;RU;200000
5.125 GBP 14-24;CH0229318099;GPB14;22931809;100.65;100.65;100.3;20190111;100.5;100.5;140000;140000;CHF;20180703;104;20180410;97.3;20140211;20240508;XSWX;CO;RU;0
5.338 SRLEV 11-99;CH0130249581;SRL11;13024958;101.6;101.6;101.05;20190111;101.15;101.05;130000;130000;CHF;20180206;104.05;20180404;99.85;20110715;;XSWX;BO;NL;0
5.50 AFRIC 16-21;CH0310140584;ABL163;31014058;99;;;20190108;98.2;;0;0;CHF;20180322;104.45;20180122;97.25;20160404;20210603;XSWX;BO;ZA;0
5.50 MAXW CV 89-94/SDL;CH0003658223;MAX89;365822;15;;;;15;;0;0;CHF;;;;;20141117;;XSWX;CB;GB;0
5.625 AIRBERLIN 14-19;XS1051723895;AIB14;24346372;1.5;;;20190110;1.36;;0;0;CHF;20180131;7.2;20180920;0.32;20140813;20190507;XSWX;BO;GB;0
5.625 POLLY PE88-94/SDL;CH0007054882;PPE885;705488;0.03;;;20160512;0.03;;0;0;CHF;;;;;19960816;;XSWX;BO;KY;0
5.75 KLM NA 86-9999;CH0005362097;KLM863;536209;102;102;101.25;20190111;101.25;101.25;105000;105000;CHF;20180119;106.5;20180507;95;19960816;;XSWX;BO;NL;0
5.75 POLLY PE 88-93/SDL;CH0007054742;PPE88;705474;0.03;;;20151015;0.03;;0;0;CHF;;;;;19960816;;XSWX;BO;KY;0
6 COH CV 85-95/SDL;CH0008712959;COH85;871295;50;;;;50;;0;0;CHF;;;;;20141117;;XSWX;CB;US;0
6 MARQUEST A86-94/SDL;CH0008845247;MAM86;884524;5;;;;5;;0;0;CHF;;;;;19960816;;XSWX;BO;US;0
6 MARQUEST B 86-94/SDL;CH0000804945;MAM86P;80494;25;;;;25;;0;0;CHF;;;;;19960816;;XSWX;BO;US;0
6 POLLY PE 87-92/SDL;CH0007054015;PPE870;705401;0.03;;;20160323;0.03;;0;0;CHF;;;;;19960816;;XSWX;BO;KY;0
6.25 POLLY PE 87-90/SDL;CH0007054304;PPE87;705430;0.03;;;20160513;0.03;;0;0;CHF;;;;;19960816;;XSWX;BO;KY;0
6.25 POLLY PE 89-96/SDL;CH0007055665;PPE89;705566;0.03;;;20160721;0.03;;0;0;CHF;;;;;19960816;;XSWX;BO;KY;0
7 ARG REP 96-03/SDL;CH0005458101;ARG96;545810;45;;;20190110;42;;0;0;CHF;20180410;50;20180312;25;19961202;;XSWX;BO;AR;0
7.75 BUA PR 96-03/SDL;CH0005243701;BUA96;524370;4.9;;;20190110;4.9;;0;0;CHF;20180615;15;20181121;1;19961015;;XSWX;BO;AR;0
8.75 POLLY PE 90-97/SDL;CH0007067793;PPE90;706779;0.1;;;20140415;0.1;;0;0;CHF;;;;;19960816;;XSWX;BO;KY;0
MAXW LIQU 93-9999/SDL;CH0001129714;MAXL;112971;0.3;;;20160705;0.3;;0;0;CHF;;;;;19960816;;XSWX;BO;GB;0

Produced at: 23:35:02 2019-01-11
